{"ACL_1": [1, 77.29451140878591, 6.936505790670105, 76.24382055483522, 5.458781120261003], "PrIyDe_1": [1, 50.662557534331164, 7.764769668425408, 59.50663243121881, 2.864386089720459], "PrIyDe_2": [2, 49.25088548771841, 5.043796261397534, 53.48513270361836, 0.9374517949300796], "baseline_1": [1, 77.59231372367925, 7.286385558125583, 77.34383028914522, 5.65987332319844], "HyperAttention_1": [1, 79.16509200608435, 7.497190075241433, 76.47076213190202, 6.633453800171275], "black_box_1": [1, 77.19032932544444, 8.883834380431493, 77.38246572661367, 5.775614991176197], "Cogni_Center_1": [1, 77.26650156908265, 8.245819910943183, 76.86497826692064, 5.833859149124282]}