{"baseline": {"per_subject": [31.53961136023916, 31.643002028397564, 33.670033670033675, 34.883720930232556, 39.56228956228956, 46.464646464646464, 47.26166328600406, 47.46136865342163, 47.64309764309764, 50.224215246636774, 51.85185185185185, 52.18855218855219, 52.46636771300448, 53.87205387205387, 55.83524027459954, 56.35276532137519, 64.12556053811659, 66.07142857142857, 71.898355754858, 79.7979797979798], "total": 50.740690236440955}}