{"ACL": {"within": [63.829787234042556, 65.0, 66.66666666666666, 67.21311475409836, 68.08510638297872, 68.08510638297872, 69.0909090909091, 69.23076923076923, 70.2127659574468, 70.2127659574468, 70.2127659574468, 70.2127659574468, 70.2127659574468, 70.49180327868852, 70.83333333333334, 71.7948717948718, 72.3404255319149, 72.5, 72.72727272727273, 72.72727272727273, 72.72727272727273, 72.72727272727273, 72.72727272727273, 72.91666666666666, 74.35897435897436, 74.35897435897436, 74.35897435897436, 74.46808510638297, 74.46808510638297, 74.46808510638297, 74.46808510638297, 74.46808510638297, 74.46808510638297, 75.0, 75.67567567567568, 76.36363636363637, 76.36363636363637, 76.59574468085107, 76.59574468085107, 78.18181818181819, 78.18181818181819, 78.33333333333333, 78.68852459016394, 78.72340425531915, 78.72340425531915, 78.72340425531915, 80.0, 80.0, 80.85106382978722, 81.81818181818183, 81.9672131147541, 82.05128205128204, 82.97872340425532, 83.78378378378379, 84.61538461538461, 85.1063829787234, 85.1063829787234, 85.24590163934425, 85.41666666666666, 85.45454545454545, 86.66666666666667, 87.17948717948718, 87.2340425531915, 87.27272727272727, 87.5, 88.33333333333333, 89.58333333333334, 90.0, 90.9090909090909, 92.72727272727272], "heldout": [69.60352422907489, 70.05988023952095, 70.30411449016101, 70.30411449016101, 72.51356238698011, 73.34525939177102, 74.68354430379746, 76.49186256781194, 77.75768535262206, 79.74683544303798, 79.78533094812164, 81.3953488372093, 83.89982110912342, 87.52260397830018], "total": 76.94428112413567}, "PrIyDe": {"within": [38.297872340425535, 38.297872340425535, 40.42553191489361, 40.42553191489361, 40.42553191489361, 40.42553191489361, 40.42553191489361, 41.02564102564102, 42.5531914893617, 42.5531914893617, 42.5531914893617, 42.5531914893617, 42.5531914893617, 42.5531914893617, 42.5531914893617, 42.5531914893617, 44.680851063829785, 44.680851063829785, 44.680851063829785, 44.680851063829785, 45.0, 45.0, 46.15384615384615, 46.15384615384615, 46.808510638297875, 46.808510638297875, 48.333333333333336, 48.717948717948715, 48.93617021276596, 48.93617021276596, 48.93617021276596, 49.09090909090909, 50.0, 50.0, 50.0, 50.0, 50.90909090909091, 50.90909090909091, 50.90909090909091, 50.90909090909091, 51.06382978723404, 51.28205128205128, 51.28205128205128, 51.66666666666667, 52.459016393442624, 52.72727272727272, 53.333333333333336, 53.84615384615385, 54.54545454545454, 54.54545454545454, 56.25, 56.36363636363636, 56.36363636363636, 56.41025641025641, 56.75675675675676, 56.75675675675676, 57.377049180327866, 58.18181818181818, 58.18181818181818, 58.18181818181818, 58.333333333333336, 60.0, 60.0, 60.65573770491803, 60.65573770491803, 62.295081967213115, 65.0, 65.45454545454545, 67.5, 77.5], "heldout": [54.49101796407185, 56.38766519823789, 56.708407871198574, 57.24508050089445, 57.78175313059034, 58.67620751341681, 58.95117540687161, 59.49367088607595, 60.82289803220036, 60.94032549728752, 61.35957066189624, 62.0253164556962, 62.20614828209765, 66.00361663652802], "total": 53.61058249996038}, "baseline": {"within": [59.57446808510638, 65.95744680851064, 65.95744680851064, 65.95744680851064, 67.27272727272727, 68.75, 68.85245901639344, 69.0909090909091, 69.0909090909091, 69.0909090909091, 69.23076923076923, 70.2127659574468, 71.7948717948718, 72.3404255319149, 72.3404255319149, 72.3404255319149, 72.3404255319149, 72.5, 72.72727272727273, 72.91666666666666, 72.91666666666666, 74.35897435897436, 74.46808510638297, 74.46808510638297, 74.46808510638297, 74.46808510638297, 74.46808510638297, 74.46808510638297, 74.46808510638297, 74.54545454545455, 75.0, 75.0, 75.40983606557377, 76.36363636363637, 76.59574468085107, 76.59574468085107, 76.66666666666667, 76.92307692307693, 76.92307692307693, 78.18181818181819, 78.18181818181819, 78.72340425531915, 78.72340425531915, 78.72340425531915, 79.48717948717949, 80.0, 80.0, 80.0, 80.0, 80.0, 80.85106382978722, 81.08108108108108, 81.9672131147541, 83.60655737704919, 85.0, 86.88524590163934, 87.17948717948718, 87.17948717948718, 87.2340425531915, 87.2340425531915, 87.5, 89.0909090909091, 89.0909090909091, 89.1891891891892, 89.36170212765957, 89.58333333333334, 89.58333333333334, 90.0, 90.0, 90.9090909090909], "heldout": [66.51982378854625, 70.35928143712576, 72.27191413237925, 72.62969588550983, 75.5877034358047, 76.31103074141049, 76.38640429338103, 78.11934900542495, 79.20433996383363, 79.96422182468694, 80.6509945750452, 81.9320214669052, 83.18425760286226, 89.69258589511753], "total": 77.5094859121679}, "black_box": {"within": [48.93617021276596, 51.28205128205128, 61.702127659574465, 63.829787234042556, 63.829787234042556, 64.1025641025641, 64.1025641025641, 65.95744680851064, 66.66666666666666, 68.08510638297872, 68.08510638297872, 69.0909090909091, 70.2127659574468, 70.83333333333334, 71.66666666666667, 72.3404255319149, 72.3404255319149, 72.5, 72.5, 72.72727272727273, 72.72727272727273, 73.77049180327869, 74.35897435897436, 74.46808510638297, 74.54545454545455, 74.54545454545455, 75.0, 75.40983606557377, 76.36363636363637, 76.59574468085107, 76.59574468085107, 76.59574468085107, 76.66666666666667, 76.92307692307693, 77.5, 78.18181818181819, 78.18181818181819, 78.18181818181819, 78.18181818181819, 78.33333333333333, 78.37837837837837, 78.68852459016394, 78.72340425531915, 80.0, 80.85106382978722, 80.85106382978722, 80.85106382978722, 81.25, 81.9672131147541, 82.05128205128204, 82.97872340425532, 82.97872340425532, 82.97872340425532, 83.33333333333334, 85.1063829787234, 85.1063829787234, 85.45454545454545, 87.17948717948718, 87.17948717948718, 87.2340425531915, 87.27272727272727, 87.5, 87.5, 89.0909090909091, 89.1891891891892, 89.36170212765957, 90.0, 90.0, 91.80327868852459, 94.54545454545455], "heldout": [67.40088105726872, 70.05988023952095, 71.19856887298748, 72.875226039783, 73.77938517179024, 74.0608228980322, 77.28085867620752, 79.20433996383363, 80.6509945750452, 80.6509945750452, 82.11091234347049, 82.11091234347049, 83.36314847942755, 88.60759493670885], "total": 77.25437479250084}}