{"ACL": {"within": [63.829787234042556, 65.0, 66.66666666666666, 67.21311475409836, 68.08510638297872, 68.08510638297872, 69.0909090909091, 69.23076923076923, 70.2127659574468, 70.2127659574468, 70.2127659574468, 70.2127659574468, 70.2127659574468, 70.49180327868852, 70.83333333333334, 71.7948717948718, 72.3404255319149, 72.5, 72.72727272727273, 72.72727272727273, 72.72727272727273, 72.72727272727273, 72.72727272727273, 72.91666666666666, 74.35897435897436, 74.35897435897436, 74.35897435897436, 74.46808510638297, 74.46808510638297, 74.46808510638297, 74.46808510638297, 74.46808510638297, 74.46808510638297, 75.0, 75.67567567567568, 76.36363636363637, 76.36363636363637, 76.59574468085107, 76.59574468085107, 78.18181818181819, 78.18181818181819, 78.33333333333333, 78.68852459016394, 78.72340425531915, 78.72340425531915, 78.72340425531915, 80.0, 80.0, 80.85106382978722, 81.81818181818183, 81.9672131147541, 82.05128205128204, 82.97872340425532, 83.78378378378379, 84.61538461538461, 85.1063829787234, 85.1063829787234, 85.24590163934425, 85.41666666666666, 85.45454545454545, 86.66666666666667, 87.17948717948718, 87.2340425531915, 87.27272727272727, 87.5, 88.33333333333333, 89.58333333333334, 90.0, 90.9090909090909, 92.72727272727272], "heldout": [69.60352422907489, 70.05988023952095, 70.30411449016101, 70.30411449016101, 72.51356238698011, 73.34525939177102, 74.68354430379746, 76.49186256781194, 77.75768535262206, 79.74683544303798, 79.78533094812164, 81.3953488372093, 83.89982110912342, 87.52260397830018], "total": 76.94428112413567}, "baseline": {"within": [59.57446808510638, 65.95744680851064, 65.95744680851064, 65.95744680851064, 67.27272727272727, 68.75, 68.85245901639344, 69.0909090909091, 69.0909090909091, 69.0909090909091, 69.23076923076923, 70.2127659574468, 71.7948717948718, 72.3404255319149, 72.3404255319149, 72.3404255319149, 72.3404255319149, 72.5, 72.72727272727273, 72.91666666666666, 72.91666666666666, 74.35897435897436, 74.46808510638297, 74.46808510638297, 74.46808510638297, 74.46808510638297, 74.46808510638297, 74.46808510638297, 74.46808510638297, 74.54545454545455, 75.0, 75.0, 75.40983606557377, 76.36363636363637, 76.59574468085107, 76.59574468085107, 76.66666666666667, 76.92307692307693, 76.92307692307693, 78.18181818181819, 78.18181818181819, 78.72340425531915, 78.72340425531915, 78.72340425531915, 79.48717948717949, 80.0, 80.0, 80.0, 80.0, 80.0, 80.85106382978722, 81.08108108108108, 81.9672131147541, 83.60655737704919, 85.0, 86.88524590163934, 87.17948717948718, 87.17948717948718, 87.2340425531915, 87.2340425531915, 87.5, 89.0909090909091, 89.0909090909091, 89.1891891891892, 89.36170212765957, 89.58333333333334, 89.58333333333334, 90.0, 90.0, 90.9090909090909], "heldout": [66.51982378854625, 70.35928143712576, 72.27191413237925, 72.62969588550983, 75.5877034358047, 76.31103074141049, 76.38640429338103, 78.11934900542495, 79.20433996383363, 79.96422182468694, 80.6509945750452, 81.9320214669052, 83.18425760286226, 89.69258589511753], "total": 77.5094859121679}}