{"PrIyDe": {"within": [57.446808510638306, 59.57446808510638, 63.829787234042556, 65.95744680851064, 65.95744680851064, 65.95744680851064, 65.95744680851064, 66.66666666666666, 66.66666666666666, 66.66666666666666, 66.66666666666666, 66.66666666666666, 66.66666666666666, 67.27272727272727, 67.5, 69.0909090909091, 69.0909090909091, 70.0, 70.0, 70.2127659574468, 70.2127659574468, 70.2127659574468, 70.9090909090909, 72.3404255319149, 72.3404255319149, 72.3404255319149, 72.72727272727273, 72.72727272727273, 72.72727272727273, 72.72727272727273, 72.91666666666666, 73.77049180327869, 74.35897435897436, 74.46808510638297, 74.54545454545455, 74.54545454545455, 76.59574468085107, 76.92307692307693, 76.92307692307693, 77.04918032786885, 77.04918032786885, 78.33333333333333, 78.72340425531915, 78.72340425531915, 80.0, 80.0, 80.32786885245902, 80.85106382978722, 80.85106382978722, 80.85106382978722, 80.85106382978722, 81.25, 81.66666666666667, 82.97872340425532, 82.97872340425532, 83.33333333333334, 83.33333333333334, 83.63636363636363, 83.78378378378379, 84.61538461538461, 85.24590163934425, 85.45454545454545, 86.48648648648648, 87.2340425531915, 87.2340425531915, 88.33333333333333, 89.0909090909091, 89.0909090909091, 90.0, 90.0], "heldout": [66.3685152057245, 70.48458149779736, 73.52415026833631, 74.14104882459313, 74.77638640429338, 75.22603978300181, 75.22603978300181, 75.74850299401199, 78.175313059034, 78.48101265822784, 79.60644007155635, 81.5742397137746, 81.91681735985533, 88.42676311030742], "total": 76.05435156421193}, "ACL": {"within": [63.829787234042556, 65.0, 66.66666666666666, 67.21311475409836, 68.08510638297872, 68.08510638297872, 69.0909090909091, 69.23076923076923, 70.2127659574468, 70.2127659574468, 70.2127659574468, 70.2127659574468, 70.2127659574468, 70.49180327868852, 70.83333333333334, 71.7948717948718, 72.3404255319149, 72.5, 72.72727272727273, 72.72727272727273, 72.72727272727273, 72.72727272727273, 72.72727272727273, 72.91666666666666, 74.35897435897436, 74.35897435897436, 74.35897435897436, 74.46808510638297, 74.46808510638297, 74.46808510638297, 74.46808510638297, 74.46808510638297, 74.46808510638297, 75.0, 75.67567567567568, 76.36363636363637, 76.36363636363637, 76.59574468085107, 76.59574468085107, 78.18181818181819, 78.18181818181819, 78.33333333333333, 78.68852459016394, 78.72340425531915, 78.72340425531915, 78.72340425531915, 80.0, 80.0, 80.85106382978722, 81.81818181818183, 81.9672131147541, 82.05128205128204, 82.97872340425532, 83.78378378378379, 84.61538461538461, 85.1063829787234, 85.1063829787234, 85.24590163934425, 85.41666666666666, 85.45454545454545, 86.66666666666667, 87.17948717948718, 87.2340425531915, 87.27272727272727, 87.5, 88.33333333333333, 89.58333333333334, 90.0, 90.9090909090909, 92.72727272727272], "heldout": [69.60352422907489, 70.05988023952095, 70.30411449016101, 70.30411449016101, 72.51356238698011, 73.34525939177102, 74.68354430379746, 76.49186256781194, 77.75768535262206, 79.74683544303798, 79.78533094812164, 81.3953488372093, 83.89982110912342, 87.52260397830018], "total": 76.94428112413567}, "black_box": {"within": [57.446808510638306, 58.97435897435898, 59.57446808510638, 60.0, 61.702127659574465, 63.829787234042556, 67.21311475409836, 67.5, 67.5, 68.08510638297872, 68.08510638297872, 68.75, 69.0909090909091, 70.2127659574468, 70.2127659574468, 70.2127659574468, 70.9090909090909, 70.9090909090909, 70.9090909090909, 70.9090909090909, 71.7948717948718, 71.7948717948718, 71.7948717948718, 72.3404255319149, 72.3404255319149, 72.72727272727273, 73.77049180327869, 74.35897435897436, 74.46808510638297, 74.46808510638297, 74.46808510638297, 75.0, 75.67567567567568, 76.36363636363637, 76.36363636363637, 76.59574468085107, 76.59574468085107, 76.59574468085107, 76.66666666666667, 76.92307692307693, 77.08333333333334, 78.18181818181819, 78.18181818181819, 78.72340425531915, 80.0, 80.0, 80.0, 80.0, 80.85106382978722, 80.85106382978722, 81.25, 81.66666666666667, 81.9672131147541, 82.05128205128204, 82.97872340425532, 83.60655737704919, 83.78378378378379, 85.0, 85.1063829787234, 87.17948717948718, 87.2340425531915, 87.27272727272727, 87.27272727272727, 88.33333333333333, 88.33333333333333, 89.58333333333334, 93.61702127659575, 93.61702127659575, 94.54545454545455, 95.08196721311475], "heldout": [68.87298747763863, 70.92511013215858, 71.91413237924866, 72.75449101796407, 73.05605786618446, 75.5877034358047, 76.20751341681574, 79.06976744186046, 80.47016274864376, 81.19349005424955, 81.374321880651, 81.7531305903399, 82.64758497316636, 89.1500904159132], "total": 76.84693099457738}, "baseline": {"within": [59.57446808510638, 65.95744680851064, 65.95744680851064, 65.95744680851064, 67.27272727272727, 68.75, 68.85245901639344, 69.0909090909091, 69.0909090909091, 69.0909090909091, 69.23076923076923, 70.2127659574468, 71.7948717948718, 72.3404255319149, 72.3404255319149, 72.3404255319149, 72.3404255319149, 72.5, 72.72727272727273, 72.91666666666666, 72.91666666666666, 74.35897435897436, 74.46808510638297, 74.46808510638297, 74.46808510638297, 74.46808510638297, 74.46808510638297, 74.46808510638297, 74.46808510638297, 74.54545454545455, 75.0, 75.0, 75.40983606557377, 76.36363636363637, 76.59574468085107, 76.59574468085107, 76.66666666666667, 76.92307692307693, 76.92307692307693, 78.18181818181819, 78.18181818181819, 78.72340425531915, 78.72340425531915, 78.72340425531915, 79.48717948717949, 80.0, 80.0, 80.0, 80.0, 80.0, 80.85106382978722, 81.08108108108108, 81.9672131147541, 83.60655737704919, 85.0, 86.88524590163934, 87.17948717948718, 87.17948717948718, 87.2340425531915, 87.2340425531915, 87.5, 89.0909090909091, 89.0909090909091, 89.1891891891892, 89.36170212765957, 89.58333333333334, 89.58333333333334, 90.0, 90.0, 90.9090909090909], "heldout": [66.51982378854625, 70.35928143712576, 72.27191413237925, 72.62969588550983, 75.5877034358047, 76.31103074141049, 76.38640429338103, 78.11934900542495, 79.20433996383363, 79.96422182468694, 80.6509945750452, 81.9320214669052, 83.18425760286226, 89.69258589511753], "total": 77.5094859121679}, "HyperAttention": {"within": [59.57446808510638, 61.702127659574465, 63.829787234042556, 65.95744680851064, 68.08510638297872, 68.75, 69.23076923076923, 70.2127659574468, 70.9090909090909, 70.9090909090909, 71.7948717948718, 72.3404255319149, 72.3404255319149, 72.3404255319149, 72.72727272727273, 73.77049180327869, 74.46808510638297, 74.46808510638297, 74.54545454545455, 74.54545454545455, 75.0, 75.0, 75.40983606557377, 76.36363636363637, 76.36363636363637, 76.59574468085107, 76.59574468085107, 76.59574468085107, 76.66666666666667, 76.92307692307693, 77.08333333333334, 78.18181818181819, 78.72340425531915, 78.72340425531915, 79.48717948717949, 80.0, 80.0, 80.85106382978722, 80.85106382978722, 80.85106382978722, 81.08108108108108, 81.25, 81.81818181818183, 81.81818181818183, 81.81818181818183, 81.9672131147541, 82.05128205128204, 82.05128205128204, 82.5, 83.33333333333334, 84.61538461538461, 85.0, 85.1063829787234, 85.1063829787234, 85.45454545454545, 86.48648648648648, 86.88524590163934, 87.17948717948718, 87.2340425531915, 87.27272727272727, 87.5, 88.33333333333333, 88.52459016393442, 89.36170212765957, 90.0, 91.48936170212765, 91.48936170212765, 91.66666666666666, 91.66666666666666, 92.72727272727272], "heldout": [63.772455089820355, 66.07929515418502, 69.58855098389982, 72.80858676207514, 73.96021699819168, 74.32188065099457, 76.74418604651163, 79.42754919499106, 80.10849909584087, 80.28933092224231, 80.83182640144665, 81.3953488372093, 81.9320214669052, 89.33092224231464], "total": 78.26698204802355},