{"black_box": {"within": [0.041155257542046846, 0.05140152829842195, 0.05326534395805752, 0.06318366608541344, 0.06784252228862905, 0.07028620201248927, 0.07472791703319041, 0.07575962641799616, 0.0762510616177279, 0.0773866358834221, 0.07933980587868186, 0.08322379819130957, 0.08524983971468832, 0.09254386131466748, 0.09312974765107426, 0.09713992998771763, 0.10073642805139983, 0.10434921332960652, 0.10658189568958919, 0.112154047699147, 0.11351965444454502, 0.11720557798449753, 0.11920308947137552, 0.11956623635267305, 0.12013331799292166, 0.12176440695537856, 0.12366511388755239, 0.12627818838995306, 0.12725353702741157, 0.12832894975437106, 0.13314851223473684, 0.13423132238128893, 0.14612809836069887, 0.146988780465993, 0.14756091327696613, 0.14957013438014363, 0.16917416493617474, 0.1693394362393181, 0.17198463805588507, 0.17431361593898193, 0.18204971045214155, 0.18249995857405454, 0.19195825931181426, 0.19332872978660834, 0.19333184163702652, 0.19345669498928006, 0.19727779095087353, 0.20047015355755335, 0.20648503818031375, 0.2139995063478316, 0.21477645123125713, 0.21986971208315112, 0.22583417628309402, 0.22853787396394834, 0.22877985661226125, 0.23314600603530078, 0.235941717940757, 0.24227449399381898, 0.24907985006838299, 0.2576085857360714, 0.25928087642044423, 0.2780054510710695, 0.2857590500549951, 0.2943954119242705, 0.2987695668860354, 0.30614605057491706, 0.31632982657525205, 0.32195024201658007, 0.32537184348134124, 0.5040367948820632], "heldout": [0.027530400769552734, 0.04404401033202245, 0.0534170220931325, 0.07871093709531866, 0.07962891606224762, 0.0916875865770627, 0.09410355435575718, 0.10411779862794936, 0.10457886043041122, 0.11447866713808728, 0.1240255578853748, 0.1626467340676215, 0.1735320175509646, 0.17749210994983744], "total": 0.1468647902013048}, "linear_baseline": {"within": [-0.007747965236987744, 0.009170330755329683, 0.028819256540647264, 0.029794811880496062, 0.032580054403565324, 0.038321387950295625, 0.04059261632473571, 0.05422827741897156, 0.05483562962178048, 0.05501371386681059, 0.05679892771768474, 0.05719309250153052, 0.058792537458285325, 0.05886595836969283, 0.0611416872280516, 0.06287788962477467, 0.06396110905472958, 0.06401709593300399, 0.06476001046741194, 0.07090033878530387, 0.07320960887339817, 0.07417523428719903, 0.07509088481950166, 0.07552824104916675, 0.07570563134884482, 0.0761007804859332, 0.07986564908133222, 0.08183746185671618, 0.08371985965954436, 0.08589619799075077, 0.08809668758000413, 0.09004226507176073, 0.0981597751521249, 0.0982378088675967, 0.0999271855650458, 0.10258734281632342, 0.10547434393137949, 0.10971215606970215, 0.11004707742260922, 0.11056385592607587, 0.11413254359604115, 0.11463479469047629, 0.11635095633392678, 0.11802738546165893, 0.11803751895836001, 0.12096303910878965, 0.12306866500998496, 0.12319958496093994, 0.12431745446799718, 0.12477162990122204, 0.1249258436915041, 0.12783622819423035, 0.12862546610600603, 0.13212226010574643, 0.13678195307624816, 0.14043268727157832, 0.1424841323683391, 0.14497637107520453, 0.14514086868888584, 0.15617996762719802, 0.16265696507642236, 0.18382010892526104, 0.18456751569622365, 0.1991455310981536, 0.20317867241187987, 0.20475305458721918, 0.20797879405261308, 0.21028501490098875, 0.23901938513760487, 0.2569964970211617], "heldout": [0.04312264738415755, 0.05833622072134913, 0.06193842113196007, 0.06836973509067217, 0.07394746693048503, 0.08393023771284763, 0.08790352359681064, 0.08970171138360691, 0.09814310059762509, 0.09933995254873637, 0.10216714664422846, 0.12332796460777223, 0.16668470226334653, 0.18731747367354742], "total": 0.10227506151277}, "ACL": {"within": [0.022957734721579, 0.031345818383033054, 0.0356617701823037, 0.03925292818980906, 0.048089406159630144, 0.056631759291429086, 0.059279556297717396, 0.0614127667301389, 0.06302888392625251, 0.0637466915043467, 0.06509286453296363, 0.06995244873893755, 0.07095422097919164, 0.07351959579859918, 0.07514789074952587, 0.07566961783576133, 0.0779244004165395, 0.0783883757481501, 0.0823198462325404, 0.08317271850595724, 0.08663588440119373, 0.08848306849052656, 0.08903611952323472, 0.09077862211332033, 0.09360549823403355, 0.09376383387240267, 0.1009394101218455, 0.10830815034056988, 0.1101071332570927, 0.11192274758070483, 0.1138066886580962, 0.11454287076675136, 0.11523511117267578, 0.1178021659386641, 0.11858993278139335, 0.12212348952432565, 0.1256498621209564, 0.12570335678484604, 0.12629637004814567, 0.12828010294886202, 0.1297673899571913, 0.13127254091275972, 0.13820898105656373, 0.14345699603804846, 0.16636240627970295, 0.17382577549020203, 0.1806465940452297, 0.1825102178243378, 0.18253557072360352, 0.18321576748453425, 0.1853136945695978, 0.18831599004233823, 0.18898222193211114, 0.18945184427615364, 0.19000105083499172, 0.20008159055071537, 0.20848848596122835, 0.20986026783617065, 0.2100730526836209, 0.21641086849359026, 0.22097571983348327, 0.2255837312386272, 0.23925191313243338, 0.2433298410955974, 0.25444866131180616, 0.26296934747074374, 0.2855148941320977, 0.29008674010624125, 0.3149224432498422, 0.4138055067365852], "heldout": [0.04039617840834469, 0.06080907982780097, 0.0625284968466946, 0.08192704338806331, 0.08252055655378834, 0.09246184663010586, 0.093244022106092, 0.0943194671845157, 0.10022484580919665, 0.10531378935920481, 0.11209432609272009, 0.1343598327553983, 0.18796845350411112, 0.19083156125891274], "total": 0.12726027207825305}}