{"GIS": {"within": [-0.0416183421753084, -0.041489355379920524, -0.04137454430343442, -0.04131148554211894, -0.041264629371788604, -0.011678213839772482, -0.01163113426605877, -0.011626250547338587, -0.011576202317851392, -0.011524675341560884, -0.011093046535194903, -0.009630500238373781, -0.009572672291277133, -0.009403236947020575, -0.009200481295321056, -0.008872307160456066, -0.008050757587842083, -0.00772337188640367, -0.007258989537506325, -0.007200230722880835, 0.0038469702208326294, 0.003985628239288793, 0.004026848299376239, 0.004032514218061096, 0.004065225123031864, 0.004163632671022798, 0.00422168701419186, 0.004592700425700864, 0.005256878741313915, 0.00527128538721327, 0.0052957170236792115, 0.005335690372648554, 0.005397907063695411, 0.005445540316878353, 0.005462527483816377, 0.005497221814137999, 0.005586738447130388, 0.00860124558924404, 0.00869107930466242, 0.008726168585003, 0.008937578756466094, 0.009022414290577948, 0.00909561157458631, 0.02270797939838178, 0.022813459438132278, 0.022904213043835813, 0.022945353254557127, 0.022969496977168043, 0.022994244658822913, 0.023000973051558817, 0.023010807700808582, 0.023030527078307852, 0.02306394028779794, 0.023094334278330377, 0.023111580118868175, 0.02311733800318576, 0.023171862897277906, 0.0231753287786713, 0.02320513883592261, 0.02321407430479359, 0.023216180709426385, 0.023238659259655486, 0.023293029928956932, 0.023387192410744922, 0.023485944961758837, 0.023486725612135727, 0.024018754708662864, 0.024268256493102883, 0.054269814351323886, 0.05487215032051176], "heldout": [-0.014578838014534953, -0.011455014442876235, -0.011418315927363733, -0.011391010017141191, -0.011343769093290969, -0.011334544516354341, -0.011262757022586292, 0.022338542981381344, 0.022342829493294507, 0.022437302885962285, 0.022599839694164913, 0.02271125748396199, 0.022748592663918866, 0.02826687945479802], "total": 0.00640169746282063}, "black_box": {"within": [0.02661233278675348, 0.04418779364153891, 0.04661961160400931, 0.05131622793147041, 0.06370069714649525, 0.0677064367985033, 0.06926708853512747, 0.07040009398751142, 0.07316527410431263, 0.07423448558467725, 0.07838853744485763, 0.07970779100102474, 0.08243711017566835, 0.08951692780003875, 0.09524216325927352, 0.09616368185119166, 0.09703361271409046, 0.09706371428733869, 0.10174132866762882, 0.1042041212646625, 0.1054951284648434, 0.10723348740993195, 0.1094693362328915, 0.11215325873923394, 0.11309012429072142, 0.11404568072787274, 0.11493528798571659, 0.1175433482697127, 0.12387440131885155, 0.12786780627453664, 0.13290758585175103, 0.133121333419991, 0.14522279650947298, 0.15250251421582625, 0.16093901330840982, 0.1655599814774202, 0.1675286560912378, 0.16981655981830804, 0.1700043731998581, 0.17086653039052752, 0.17259030428698258, 0.1747310221202767, 0.19009265210311788, 0.19051628989330194, 0.1917516390057017, 0.19357271109044163, 0.19849937279945365, 0.20199300710600984, 0.20243344078341705, 0.20746451778817354, 0.20903491910099684, 0.21190605732399734, 0.21302482171524464, 0.2281256656710816, 0.22814069890033248, 0.23267312021541994, 0.23468852008478597, 0.24554205843167495, 0.2499429036479861, 0.26038207859911355, 0.268679737637679, 0.2688855380943105, 0.2691575494264134, 0.2909652689803698, 0.30592521911749937, 0.30772410680666507, 0.31732272273647544, 0.32140581414308006, 0.33300992167363774, 0.5228617016016981], "heldout": [0.04092940894575223, 0.04603557284839566, 0.06590619040924392, 0.07922155644332703, 0.0794629944028167, 0.07972868873653767, 0.08465342228921223, 0.0880311186878779, 0.11109763056224423, 0.12067176285053687, 0.12911783200877983, 0.1437934346684961, 0.15953743502681822, 0.18066960758172992], "total": 0.14464829765831477}, "linear_baseline": {"within": [-0.007747965236987742, 0.009170330755329685, 0.028819256540647275, 0.029794811880496062, 0.03258005440356532, 0.038321387950295625, 0.04059261632473571, 0.05422827741897156, 0.05483562962178048, 0.05501371386681059, 0.05679892771768474, 0.05719309250153052, 0.058792537458285325, 0.05886595836969282, 0.06114168722805161, 0.06287788962477467, 0.06396110905472958, 0.06401709593300399, 0.06476001046741194, 0.07090033878530386, 0.07320960887339817, 0.07417523428719906, 0.07509088481950166, 0.07552824104916674, 0.07570563134884482, 0.0761007804859332, 0.07986564908133222, 0.0818374618567162, 0.08371985965954436, 0.08589619799075077, 0.08809668758000413, 0.09004226507176072, 0.0981597751521249, 0.09823780886759668, 0.0999271855650458, 0.10258734281632342, 0.10547434393137949, 0.10971215606970215, 0.11004707742260922, 0.11056385592607587, 0.11413254359604115, 0.11463479469047627, 0.11635095633392678, 0.11802738546165897, 0.11803751895836002, 0.12096303910878964, 0.12306866500998496, 0.12319958496093994, 0.12431745446799718, 0.12477162990122204, 0.12492584369150413, 0.12783622819423035, 0.12862546610600603, 0.13212226010574643, 0.13678195307624813, 0.14043268727157832, 0.1424841323683391, 0.14497637107520453, 0.1451408686888858, 0.15617996762719802, 0.16265696507642233, 0.18382010892526104, 0.18456751569622365, 0.19914553109815367, 0.20317867241187987, 0.20475305458721918, 0.20797879405261313, 0.2102850149009888, 0.23901938513760485, 0.2569964970211617], "heldout": [0.04312264738415755, 0.05833622072134913, 0.06193842113196007, 0.06836973509067218, 0.07394746693048504, 0.08393023771284763, 0.08790352359681065, 0.08970171138360691, 0.09814310059762509, 0.09933995254873636, 0.10216714664422843, 0.12332796460777223, 0.16668470226334656, 0.18731747367354737], "total": 0.10227506151277}, "GISP@HEU": {"within": [0.009452571063624854, 0.017376008762772774, 0.029193301280779644, 0.029559324702976186, 0.0315048196370892, 0.05212820853336318, 0.05501624200467513, 0.05573124901306903, 0.05580435312409122, 0.05756739840244433, 0.06180873188889118, 0.062398709623340085, 0.07017323187836176, 0.07170798864354996, 0.07276456823348901, 0.07351762785688498, 0.073590427616478, 0.0751083214633011, 0.07520123259266577, 0.07589625275451233, 0.07620868854129177, 0.07674450924927197, 0.07793585690965733, 0.07947712433519213, 0.07973113148798693, 0.08118404963557628, 0.081622501355055, 0.08612730222295595, 0.08652388256563161, 0.08740826470309947, 0.09088878954841621, 0.09525615606419846, 0.09641139680736953, 0.09691362263898946, 0.09729773495320114, 0.0993904399815901, 0.10119111705480971, 0.10932561222680988, 0.10961686616452768, 0.11209267393147244, 0.11392408147391357, 0.11402666969156094, 0.11649645491545615, 0.12000839411371837, 0.1200306405460894, 0.12117946900578183, 0.12172331259200027, 0.12356468742910225, 0.12384557790631748, 0.1312551230786976, 0.13490281315208488, 0.14024017706771294, 0.14049472458435702, 0.14444319938189748, 0.14491306487564865, 0.149541432751837, 0.15152414244036091, 0.16088213659570802, 0.16435126607994108, 0.16870902091714704, 0.17489228341149812, 0.18899508750234417, 0.1913411075466004, 0.19594013724281698, 0.20268598709284447, 0.21057414212975883, 0.2350059472190049, 0.2510955319576057, 0.28149633015807346, 0.354215262205296], "heldout": [0.019814390049907586, 0.034455072297843475, 0.043177095095363355, 0.05683010744964496, 0.061573683930837154, 0.06343233936925495, 0.06773765760213912, 0.07286891960891514, 0.07650537503296405, 0.07771590176258765, 0.08550984555345631, 0.10044526335330183, 0.13495100583189026, 0.1603379035332191], "total": 0.10054793233997096},