{"WUHCS1": {"per_subject": [0.009761203906152753, 0.010622689671250971, 0.011887627794035113, 0.014317908711667854, 0.014458778558738112, 0.019281191641590843, 0.022714131773761193, 0.026455015484179386, 0.02755812963357173, 0.03169047739781906, 0.032287415143784796, 0.033431974031220835, 0.03352813044233153, 0.0358272213629357, 0.03800236110741228, 0.04586259256324107, 0.046361034863493376, 0.04777286651946487, 0.04893662324061257, 0.05051685475298367], "total": 0.030063711430012387, "per_band": [0.0549452382989515, 0.043548229072426496, 0.03342326945969561, 0.025698816645730614, 0.02217183366352752, 0.024765795271587426, 0.02657503087180771, 0.027572095361855297, 0.021738914140070155, 0.020197891514471534]}, "NV_KU_AS": {"per_subject": [0.011463154015581477, 0.011751002518891373, 0.012032507440147343, 0.012312156238087605, 0.012745630276549716, 0.023404195199753158, 0.02366270583498645, 0.027336653233779016, 0.030439638075423905, 0.031182706639908686, 0.034116403440392185, 0.03529991480995897, 0.03617954245578908, 0.037640628839901255, 0.03835511996947553, 0.0398835174569392, 0.042668775967391964, 0.04997954771367406, 0.05332272183924281, 0.056640424139746744], "total": 0.03102084730528102, "per_band": [0.0594137369439392, 0.046078041903066566, 0.03531709764782825, 0.02668360405443445, 0.023076447393814706, 0.023317712421057065, 0.02582048713112318, 0.029695233512197706, 0.021721579419081934, 0.01908453262626723]}, "HelloWorld": {"per_subject": [-0.002086604048574281, 0.005262276800145155, 0.009682370307257082, 0.011412837331808558, 0.01450472997755336, 0.018638268941577833, 0.020761009607877433, 0.021413440546319357, 0.022257158913717098, 0.022975500865000564, 0.02386105211419929, 0.02649400182407344, 0.028276133114064295, 0.028389221133749257, 0.03172256391469303, 0.032615288106733704, 0.03526282027373928, 0.038549320712392476, 0.03889847185794462, 0.04959215775835794], "total": 0.023924101002631475, "per_band": [0.04363925284444429, 0.03410793979828697, 0.028221681494016892, 0.021580531081871655, 0.019488357232654442, 0.01878262792238123, 0.01925213100470797, 0.021669371635473438, 0.01625750528775641, 0.016241611724721446]}, "baseline": {"per_subject": [0.005002189896975527, 0.006190904479073728, 0.011605907323755611, 0.011998274946210767, 0.01271844786282298, 0.01479553049700442, 0.0169014148080388, 0.01844943695116664, 0.018838253595564444, 0.02017306049621585, 0.020758726208283826, 0.023559674096819826, 0.02376264937227693, 0.025053837611232383, 0.02738294786800158, 0.027430289623047714, 0.03049924074554258, 0.03259489336322358, 0.038457578767949946, 0.0410724355702574], "total": 0.02136228470417323, "per_band": [0.03756783239625666, 0.03177050050120379, 0.022753466228789855, 0.015829808697475203, 0.014154236927987136, 0.015686046370898883, 0.01973462417237091, 0.021029880265565293, 0.01757525752044562, 0.017521193960738913]}, "FrohlicheWurstchen": {"per_subject": [0.007931990016645844, 0.010031798963401218, 0.01232711560063117, 0.017507899130248566, 0.019421114897652286, 0.026041095283650763, 0.026464171684843694, 0.026978960678260607, 0.02734636558228904, 0.027814631438025834, 0.033856423353259994, 0.03544841431186026, 0.037962562128585765, 0.03860900546763248, 0.03970198258564495, 0.039775881883310944, 0.041046872197828335, 0.04292816029504019, 0.049324952728065224, 0.050182669411233054], "total": 0.030535103381905505, "per_band": [0.05380867795570109, 0.04250419172873489, 0.03526182861701241, 0.026729312062368987, 0.023167702689740742, 0.02563754754843735, 0.028470036074121012, 0.027802972921054537, 0.021216148349759382, 0.020752615872124708]}, "SoIM301": {"per_subject": [0.008732622513677927, 0.010256630876065612, 0.011488853169824736, 0.01253793340579779, 0.02029426571433691, 0.02315981399620984, 0.024720533230023812, 0.026011160442919404, 0.027605685856840596, 0.03148713592055637, 0.03489975841657221, 0.034992463540238924, 0.03669939037976402, 0.0367399544449489, 0.03796748119722799, 0.03981633458612981, 0.040788591674096035, 0.04124009360613015, 0.0494939925348369, 0.05201553227876283], "total": 0.03004741138924804, "per_band": [0.05735743359079452, 0.0441910895560894, 0.033233648215285745, 0.02536327362255907, 0.02316512502442876, 0.02224858562900548, 0.024267265002232214, 0.028211354319903625, 0.02220473803054183, 0.020231600901639793]}, "DKU": {"per_subject": [0.006832977141454848, 0.009452599421545492, 0.01237766443093304, 0.012726335040425694, 0.014506393528366248, 0.021023321291936847, 0.021081036294821193, 0.022977743272901554, 0.026844360198289768, 0.02804091001907851, 0.028771529268900982, 0.03047925837602403, 0.034500154142058044, 0.03757030888010851, 0.037964518683893944, 0.03906023563873017, 0.03984131057897253, 0.04113580318871656, 0.051713609079228125, 0.05243155351983562], "total": 0.028466581099811084, "per_band": [0.05122964266000104, 0.03871661873524506, 0.03196423419801568, 0.02436319550797478, 0.0213270860849974, 0.02215299798081384, 0.02500661303519614, 0.027704061535524415, 0.021044922955291995, 0.021156438305050505]}, "WHUCS1": {"per_subject": [0.011593349455238449, 0.01200321763795799, 0.012929276324127284, 0.017718176414866917, 0.022959265826155123, 0.02447848839921062, 0.024662118464258646, 0.025100734886760095, 0.037662972894748986, 0.037743016734935235, 0.03935062017471627, 0.04237799644153123, 0.04239429054667147, 0.04274816953683342, 0.04351526457078629, 0.044570297167068576, 0.04674419476310137, 0.04756390578967499, 0.06190372784926585, 0.06294550454052752], "total": 0.03504822942092182, "per_band": [0.06513667246239538, 0.05025625128808188, 0.03916351690093582, 0.02996315879937525, 0.027040996844573024, 0.02740469297404542, 0.029438301230841752, 0.03260922483746536, 0.025169414839629208, 0.024300064031875113]}, "NJUEEG": {"per_subject": [0.010715134397083131, 0.012556685777099206, 0.014866187181043192, 0.016412547251208776, 0.018376708185314575, 0.018578168985424193, 0.027965856380887673, 0.030101475898640526, 0.030942119531222393, 0.035464750355899056, 0.03744501049692947, 0.04007051123252938, 0.04076397841436499, 0.04112312835408207, 0.04654697282968833, 0.04960211602591829, 0.050280991198929856, 0.05060497247432491, 0.054894617509140785, 0.06382943587024954], "total": 0.03455706841749902, "per_band": [0.06112702256417524, 0.048462395703772886, 0.03833883161697007, 0.029675254086603486, 0.025874380185265382, 0.02749513876755986, 0.030278397320200788, 0.03307583847680641, 0.026642085255886135, 0.02460134019774987]}, "TQLZZZ": {"per_subject": [0.010311199421879367, 0.01491551610228716, 0.014930893908740328, 0.016058220397927536, 0.021923212285313503, 0.02422087487231531, 0.027695770954338936, 0.029640252075254597, 0.031384446632010524, 0.031699693484633834, 0.03857945183390477, 0.0398142548003981, 0.039816328361435, 0.041085978863316906, 0.04226829652486899, 0.04554824187689055, 0.04760977523192175, 0.050529611844175176, 0.05452747001498339, 0.05975788562926543], "total": 0.03411586875579306, "per_band": [0.06282153607522487, 0.04936521957474977, 0.03930539283022617, 0.029417080116518706, 0.025385126198204405, 0.025877613521559605, 0.0286649939604179, 0.032511679711858844, 0.024714164005886597, 0.023095881563283804]}, "HWAud": {"per_subject": [-0.011435636326903531, -0.010746552702855561, -0.010318858406487393, -0.010182854286964178, -0.010016165976039411, -0.00985057477321338, -0.008509907874126836, -0.007896161721158862, -0.007651364629287346, -0.007115214964327855, -0.006676273012612177, -0.0059514701258290515, -0.005580805876398702, -0.00541195731362923, -0.0037389026368899953, -0.0033546280759628212, -0.0032448120590266743, -0.0023718330635385696, -0.0018298408703504706, -0.0012428754051285317], "total": -0.006656334505036529, "per_band": [0.06484055815662418, -0.05166440594262419, -0.04090478160938135, -0.030818520300134523, 0.027202891186566526, 0.02890923165347186, -0.031036086467726386, -0.03494050760487809, 0.027263588759683877, -0.025415312881967196]},