{"GIS": {"within": [-0.0416183421753084, -0.041489355379920524, -0.04137454430343442, -0.04131148554211894, -0.041264629371788604, -0.011678213839772482, -0.01163113426605877, -0.011626250547338587, -0.011576202317851392, -0.011524675341560884, -0.011093046535194903, -0.009630500238373781, -0.009572672291277133, -0.009403236947020575, -0.009200481295321056, -0.008872307160456066, -0.008050757587842083, -0.00772337188640367, -0.007258989537506325, -0.007200230722880835, 0.0038469702208326294, 0.003985628239288793, 0.004026848299376239, 0.004032514218061096, 0.004065225123031864, 0.004163632671022798, 0.00422168701419186, 0.004592700425700864, 0.005256878741313915, 0.00527128538721327, 0.0052957170236792115, 0.005335690372648554, 0.005397907063695411, 0.005445540316878353, 0.005462527483816377, 0.005497221814137999, 0.005586738447130388, 0.00860124558924404, 0.00869107930466242, 0.008726168585003, 0.008937578756466094, 0.009022414290577948, 0.00909561157458631, 0.02270797939838178, 0.022813459438132278, 0.022904213043835813, 0.022945353254557127, 0.022969496977168043, 0.022994244658822913, 0.023000973051558817, 0.023010807700808582, 0.023030527078307852, 0.02306394028779794, 0.023094334278330377, 0.023111580118868175, 0.02311733800318576, 0.023171862897277906, 0.0231753287786713, 0.02320513883592261, 0.02321407430479359, 0.023216180709426385, 0.023238659259655486, 0.023293029928956932, 0.023387192410744922, 0.023485944961758837, 0.023486725612135727, 0.024018754708662864, 0.024268256493102883, 0.054269814351323886, 0.05487215032051176], "heldout": [-0.014578838014534953, -0.011455014442876235, -0.011418315927363733, -0.011391010017141191, -0.011343769093290969, -0.011334544516354341, -0.011262757022586292, 0.022338542981381344, 0.022342829493294507, 0.022437302885962285, 0.022599839694164913, 0.02271125748396199, 0.022748592663918866, 0.02826687945479802], "total": 0.00640169746282063}, "black_box": {"within": [0.03454974502952668, 0.03568362249433926, 0.03951548723651157, 0.06199806779390318, 0.06864492729668369, 0.07239288400166663, 0.07427628109910882, 0.07471670523646591, 0.07992554091642569, 0.08095878893286457, 0.08511954108309942, 0.0883715281986743, 0.0897027452504188, 0.09309387580530765, 0.09778893322852084, 0.09818080674692117, 0.10121246434436267, 0.1061250318273753, 0.10626577403138875, 0.11053040961970223, 0.1114692610174589, 0.118095807582606, 0.12211779108161869, 0.12499726137295615, 0.12939814428468494, 0.12995777353036242, 0.13104907240222727, 0.13159861563546615, 0.13332748327030627, 0.1361902635308666, 0.14325057356093338, 0.14389000181372102, 0.14606792203008623, 0.15042255266477833, 0.1575269839740015, 0.1577492884087887, 0.16969658470226115, 0.17273479268354267, 0.17452611680602784, 0.17612322100659214, 0.18567845691290552, 0.1859232172262625, 0.19093790964381538, 0.1940534652985087, 0.1967811633590675, 0.19694787211099654, 0.1980963491269433, 0.19940173105768358, 0.20045274071688232, 0.2063599907179633, 0.20967507965912638, 0.22300597452056628, 0.22515093752912554, 0.22821468487787297, 0.22914981114892144, 0.23018824548665054, 0.23833011914336333, 0.24390003023218915, 0.25675016251004873, 0.25973243364525056, 0.2727920767065879, 0.2950675502444133, 0.30388713977231846, 0.31410302368474385, 0.31901259012415556, 0.31999184446201456, 0.3400571577134052, 0.3411011943483784, 0.3502140038428871, 0.5022533537922812], "heldout": [0.03543071796210009, 0.05138716052615699, 0.06302987133075773, 0.0699206670415298, 0.08800452274854009, 0.09026765599223659, 0.09526048217691868, 0.10794868891448588, 0.10992467722050565, 0.1257858166886448, 0.14746537123664152, 0.15886791271548048, 0.1902100557123915, 0.20140181040901475], "total": 0.15194015721748944}, "ASPO": {"within": [-0.06574859415747145, -0.03160544110843379, -0.02698072789933091, -0.02492297851264678, -0.022825178406025857, -0.02274681693191655, -0.022182571587834075, -0.018108672411849505, -0.01651218190959827, -0.01438342497485628, -0.012746365183208827, -0.008091854615792605, -0.006308092407326092, -0.006101096313756303, -0.005461556737344024, -0.0018703537112238582, -0.0014724362120078268, -0.0001421591851275242, 0.0012997188498396403, 0.0014017848768513423, 0.0024336666387245317, 0.003320963522043983, 0.005144166732180733, 0.0059508339326796, 0.006247382796679519, 0.006911481694869504, 0.007286723677635211, 0.008302091390800369, 0.008355920124418149, 0.009178026420781747, 0.009765453988278189, 0.012834740819280585, 0.012974308679974069, 0.013286676715548595, 0.015147983831633747, 0.015424580180917118, 0.0154742929222844, 0.015626329116339512, 0.01641615053006325, 0.017459349142616733, 0.01776542366550025, 0.01857737486869696, 0.018642143119595386, 0.018920758188004694, 0.019581055659064192, 0.02024096460869552, 0.020711816736716498, 0.02214652343478457, 0.023752577106111283, 0.02412915895956336, 0.024534120174402724, 0.02507823097921109, 0.02734410427034751, 0.027956827856370638, 0.028791359350100392, 0.02918265700727627, 0.03215660826095708, 0.03234135098989569, 0.03291453419381835, 0.03628031260316965, 0.03703539923131164, 0.037284439186171664, 0.03906700604584508, 0.04252561771468813, 0.04314179320372829, 0.05174878926207458, 0.055491971748107646, 0.05583897820105773, 0.05771323823108524, 0.06532879834112791], "heldout": [-0.013312706256796258, -0.012115810534068544, -0.01054037179883629, -0.009199620040050987, -0.002909848987633146, 0.006674909440549503, 0.014088036247005178, 0.014708935846307204, 0.015375374410021464, 0.016666185392575857, 0.017076805270638405, 0.028071533712143788, 0.03242077369733682, 0.03654316020166699], "total": 0.01163928046684114}, "linear_baseline": {"within": [-0.007747965236987742, 0.009170330755329685, 0.028819256540647275, 0.029794811880496062, 0.03258005440356532, 0.038321387950295625, 0.04059261632473571, 0.05422827741897156, 0.05483562962178048, 0.05501371386681059, 0.05679892771768474, 0.05719309250153052, 0.058792537458285325, 0.05886595836969282, 0.06114168722805161, 0.06287788962477467, 0.06396110905472958, 0.06401709593300399, 0.06476001046741194, 0.07090033878530386, 0.07320960887339817, 0.07417523428719906, 0.07509088481950166, 0.07552824104916674, 0.07570563134884482, 0.0761007804859332, 0.07986564908133222, 0.0818374618567162, 0.08371985965954436, 0.08589619799075077, 0.08809668758000413, 0.09004226507176072, 0.0981597751521249, 0.09823780886759668, 0.0999271855650458, 0.10258734281632342, 0.10547434393137949, 0.10971215606970215, 0.11004707742260922, 0.11056385592607587, 0.11413254359604115, 0.11463479469047627, 0.11635095633392678, 0.11802738546165897, 0.11803751895836002, 0.12096303910878964, 0.12306866500998496, 0.12319958496093994, 0.12431745446799718, 0.12477162990122204, 0.12492584369150413, 0.12783622819423035, 0.12862546610600603, 0.13212226010574643, 0.13678195307624813, 0.14043268727157832, 0.1424841323683391, 0.14497637107520453, 0.1451408686888858, 0.15617996762719802, 0.16265696507642233, 0.18382010892526104, 0.18456751569622365, 0.19914553109815367, 0.20317867241187987, 0.20475305458721918, 0.20797879405261313, 0.2102850149009888, 0.23901938513760485, 0.2569964970211617], "heldout": [0.04312264738415755, 0.05833622072134913, 0.06193842113196007, 0.06836973509067218, 0.07394746693048504, 0.08393023771284763, 0.08790352359681065, 0.08970171138360691, 0.09814310059762509, 0.09933995254873636, 0.10216714664422843, 0.12332796460777223, 0.16668470226334656, 0.18731747367354737], "total": 0.10227506151277},