{"black_box": {"within": [0.04115525754204685, 0.05140152829842194, 0.05326534395805752, 0.06318366608541343, 0.06784252228862908, 0.07028620201248927, 0.07472791703319044, 0.07575962641799616, 0.07625106161772792, 0.0773866358834221, 0.07933980587868186, 0.08322379819130955, 0.08524983971468832, 0.09254386131466748, 0.09312974765107428, 0.09713992998771766, 0.10073642805139983, 0.10434921332960652, 0.1065818956895892, 0.11215404769914702, 0.11351965444454504, 0.11720557798449753, 0.11920308947137552, 0.11956623635267305, 0.12013331799292166, 0.12176440695537856, 0.12366511388755241, 0.12627818838995308, 0.12725353702741155, 0.12832894975437112, 0.13314851223473687, 0.13423132238128893, 0.14612809836069887, 0.146988780465993, 0.14756091327696616, 0.14957013438014363, 0.16917416493617474, 0.16933943623931808, 0.17198463805588507, 0.17431361593898195, 0.18204971045214155, 0.18249995857405454, 0.19195825931181426, 0.1933287297866083, 0.19333184163702655, 0.19345669498928006, 0.19727779095087353, 0.20047015355755332, 0.20648503818031375, 0.21399950634783163, 0.21477645123125713, 0.21986971208315112, 0.22583417628309402, 0.22853787396394834, 0.22877985661226125, 0.23314600603530078, 0.235941717940757, 0.24227449399381898, 0.24907985006838299, 0.2576085857360714, 0.25928087642044423, 0.2780054510710695, 0.2857590500549951, 0.29439541192427043, 0.2987695668860354, 0.30614605057491706, 0.31632982657525205, 0.32195024201658007, 0.3253718434813413, 0.5040367948820632], "heldout": [0.027530400769552734, 0.044044010332022446, 0.0534170220931325, 0.07871093709531866, 0.07962891606224762, 0.0916875865770627, 0.09410355435575718, 0.10411779862794936, 0.10457886043041119, 0.11447866713808728, 0.1240255578853748, 0.16264673406762153, 0.17353201755096462, 0.17749210994983744], "total": 0.1468647902013048}, "linear_baseline": {"within": [0.006972201012691826, 0.012392808846654137, 0.028201486379984934, 0.02903306911492254, 0.033771804531957335, 0.043965383008190674, 0.044690926087383405, 0.05186974897450935, 0.05380176511508942, 0.057737106339081246, 0.05813074461512048, 0.05827484483989429, 0.059787350704208604, 0.05983883339129027, 0.05998631415494902, 0.060342872254926336, 0.0620839185723245, 0.06372511010502298, 0.06379786890959925, 0.06675942802876823, 0.06887063590465593, 0.06897492035747234, 0.07128035327442812, 0.07255058132920213, 0.0743717572380476, 0.07534996507911403, 0.08020824044379406, 0.08027882049270482, 0.08195284857917719, 0.08698779897078586, 0.08709376772762185, 0.09237775510729358, 0.09353420727182103, 0.09656412138745236, 0.09669526086224482, 0.09714586850961988, 0.10033647900709602, 0.10621457916497164, 0.10729364577911338, 0.11081201978158928, 0.11138003712205517, 0.11160498684531817, 0.11181083783904487, 0.11230571129830522, 0.11265819524274391, 0.11677142893591973, 0.11759992298380607, 0.11935493343948385, 0.11972790496828946, 0.12188525285493715, 0.12245977205819374, 0.12581528635568928, 0.1296441491096432, 0.13329576517132055, 0.13570174061574228, 0.13640702323551135, 0.14720134916210287, 0.14798106673362657, 0.14985408300069927, 0.1517256733493296, 0.15913225741861964, 0.17393599756835654, 0.18099300347282976, 0.19359936608143866, 0.19808341765534027, 0.20012070482937147, 0.20668808610681236, 0.21169755120270764, 0.23950494787376178, 0.2591841493307649], "heldout": [0.04419877190398734, 0.058102620511349685, 0.06580325078033636, 0.07753635630439304, 0.07927563594702507, 0.08103428442377691, 0.08107479364990498, 0.08404838080089883, 0.0923910985822492, 0.10118501873431181, 0.10421365106226688, 0.12385933638608847, 0.16000007978532743, 0.18627284882135436], "total": 0.10123497268904491}, "ACL": {"within": [0.022957734721578995, 0.03134581838303305, 0.03566177018230369, 0.03925292818980906, 0.048089406159630144, 0.056631759291429065, 0.059279556297717396, 0.0614127667301389, 0.06302888392625253, 0.06374669150434673, 0.06509286453296362, 0.06995244873893756, 0.07095422097919164, 0.07351959579859918, 0.07514789074952587, 0.07566961783576133, 0.0779244004165395, 0.07838837574815008, 0.0823198462325404, 0.08317271850595723, 0.08663588440119374, 0.08848306849052658, 0.08903611952323472, 0.09077862211332033, 0.09360549823403355, 0.09376383387240267, 0.10093941012184549, 0.10830815034056988, 0.1101071332570927, 0.11192274758070483, 0.11380668865809622, 0.11454287076675138, 0.11523511117267578, 0.1178021659386641, 0.11858993278139335, 0.12212348952432565, 0.1256498621209564, 0.12570335678484604, 0.12629637004814567, 0.12828010294886205, 0.1297673899571913, 0.13127254091275972, 0.1382089810565638, 0.14345699603804846, 0.16636240627970297, 0.17382577549020203, 0.1806465940452297, 0.18251021782433777, 0.1825355707236035, 0.18321576748453425, 0.1853136945695978, 0.18831599004233826, 0.18898222193211112, 0.18945184427615358, 0.19000105083499177, 0.2000815905507154, 0.20848848596122835, 0.20986026783617065, 0.2100730526836209, 0.21641086849359026, 0.22097571983348327, 0.2255837312386272, 0.23925191313243338, 0.24332984109559738, 0.25444866131180616, 0.26296934747074374, 0.2855148941320977, 0.2900867401062413, 0.3149224432498422, 0.4138055067365852], "heldout": [0.04039617840834469, 0.06080907982780097, 0.0625284968466946, 0.08192704338806331, 0.08252055655378833, 0.09246184663010584, 0.093244022106092, 0.09431946718451568, 0.10022484580919665, 0.10531378935920481, 0.11209432609272009, 0.1343598327553983, 0.1879684535041111, 0.19083156125891274], "total": 0.12726027207825305}}