{"baseline": {"per_subject": [0.005002189896975527, 0.006190904479073728, 0.011605907323755611, 0.011998274946210767, 0.01271844786282298, 0.01479553049700442, 0.0169014148080388, 0.01844943695116664, 0.018838253595564444, 0.02017306049621585, 0.020758726208283826, 0.023559674096819826, 0.02376264937227693, 0.025053837611232383, 0.02738294786800158, 0.027430289623047714, 0.03049924074554258, 0.03259489336322358, 0.038457578767949946, 0.0410724355702574], "total": 0.021362284704173232, "per_band": [0.03756783239625666, 0.03177050050120379, 0.022753466228789848, 0.015829808697475207, 0.014154236927987137, 0.015686046370898883, 0.01973462417237091, 0.0210298802655653, 0.01757525752044562, 0.017521193960738913]}}