{"black_box": {"within": [0.041155257542046846, 0.05140152829842195, 0.05326534395805752, 0.06318366608541344, 0.06784252228862905, 0.07028620201248927, 0.07472791703319041, 0.07575962641799616, 0.0762510616177279, 0.0773866358834221, 0.07933980587868186, 0.08322379819130957, 0.08524983971468832, 0.09254386131466748, 0.09312974765107426, 0.09713992998771763, 0.10073642805139983, 0.10434921332960652, 0.10658189568958919, 0.112154047699147, 0.11351965444454502, 0.11720557798449753, 0.11920308947137552, 0.11956623635267305, 0.12013331799292166, 0.12176440695537856, 0.12366511388755239, 0.12627818838995306, 0.12725353702741157, 0.12832894975437106, 0.13314851223473684, 0.13423132238128893, 0.14612809836069887, 0.146988780465993, 0.14756091327696613, 0.14957013438014363, 0.16917416493617474, 0.1693394362393181, 0.17198463805588507, 0.17431361593898193, 0.18204971045214155, 0.18249995857405454, 0.19195825931181426, 0.19332872978660834, 0.19333184163702652, 0.19345669498928006, 0.19727779095087353, 0.20047015355755335, 0.20648503818031375, 0.2139995063478316, 0.21477645123125713, 0.21986971208315112, 0.22583417628309402, 0.22853787396394834, 0.22877985661226125, 0.23314600603530078, 0.235941717940757, 0.24227449399381898, 0.24907985006838299, 0.2576085857360714, 0.25928087642044423, 0.2780054510710695, 0.2857590500549951, 0.2943954119242705, 0.2987695668860354, 0.30614605057491706, 0.31632982657525205, 0.32195024201658007, 0.32537184348134124, 0.5040367948820632], "heldout": [0.027530400769552734, 0.04404401033202245, 0.0534170220931325, 0.07871093709531866, 0.07962891606224762, 0.0916875865770627, 0.09410355435575718, 0.10411779862794936, 0.10457886043041122, 0.11447866713808728, 0.1240255578853748, 0.1626467340676215, 0.1735320175509646, 0.17749210994983744], "total": 0.1468647902013048}, "baseline": {"within": [0.026800235571189192, 0.03422527490013307, 0.040108900797686815, 0.050781107513809084, 0.0610078075511344, 0.06380022557994423, 0.06432595820145479, 0.06654579448620374, 0.06753740225602627, 0.06767660658465637, 0.06799625699059643, 0.06843928377751804, 0.07009201097977111, 0.07586962803092336, 0.07857276945621511, 0.08288482034376041, 0.08470791932819707, 0.0861026551830842, 0.08673679575615609, 0.09143392426062004, 0.09270302491699912, 0.09861915194980726, 0.10205324812591539, 0.11187443524104572, 0.11871362834025756, 0.11991748087447354, 0.12648562117199058, 0.12996842454963395, 0.13623228640054466, 0.1364298735139823, 0.13992982740964746, 0.14393197278107656, 0.14403926889038846, 0.1498475505184177, 0.1524802862744285, 0.15315158330382928, 0.1534811878482792, 0.15819320892177577, 0.16092700472665777, 0.1626025372989783, 0.1651774309452365, 0.1669173145426477, 0.1683082369281351, 0.16836580463365114, 0.16875371122079172, 0.17042368556955753, 0.1724372634278084, 0.17339047970518415, 0.1784380144793051, 0.1849133583211243, 0.19330660938933425, 0.1943394163358438, 0.19599582940124674, 0.1996550377644133, 0.20103188074725806, 0.2154671228598993, 0.22280308216493014, 0.22637475473867585, 0.2314425026889184, 0.2406440777272675, 0.24115590505401505, 0.2542128060670425, 0.2645467550153706, 0.2686698918911251, 0.26958673194499544, 0.2922103011350629, 0.3071978826494665, 0.3171592168873722, 0.32390013163280784, 0.496194856673325], "heldout": [0.048175817825964695, 0.048286484501793105, 0.05086030340331301, 0.058963501595840365, 0.06432552676598115, 0.07875819634066415, 0.0793960138487291, 0.0848936516296099, 0.0923564337396804, 0.11263852953942458, 0.11454219323622719, 0.14733411648447556, 0.1742853746490888, 0.1879527395245896], "total": 0.1357825645796426}, "ACL": {"within": [0.022957734721579, 0.031345818383033054, 0.0356617701823037, 0.03925292818980906, 0.048089406159630144, 0.056631759291429086, 0.059279556297717396, 0.0614127667301389, 0.06302888392625251, 0.0637466915043467, 0.06509286453296363, 0.06995244873893755, 0.07095422097919164, 0.07351959579859918, 0.07514789074952587, 0.07566961783576133, 0.0779244004165395, 0.0783883757481501, 0.0823198462325404, 0.08317271850595724, 0.08663588440119373, 0.08848306849052656, 0.08903611952323472, 0.09077862211332033, 0.09360549823403355, 0.09376383387240267, 0.1009394101218455, 0.10830815034056988, 0.1101071332570927, 0.11192274758070483, 0.1138066886580962, 0.11454287076675136, 0.11523511117267578, 0.1178021659386641, 0.11858993278139335, 0.12212348952432565, 0.1256498621209564, 0.12570335678484604, 0.12629637004814567, 0.12828010294886202, 0.1297673899571913, 0.13127254091275972, 0.13820898105656373, 0.14345699603804846, 0.16636240627970295, 0.17382577549020203, 0.1806465940452297, 0.1825102178243378, 0.18253557072360352, 0.18321576748453425, 0.1853136945695978, 0.18831599004233823, 0.18898222193211114, 0.18945184427615364, 0.19000105083499172, 0.20008159055071537, 0.20848848596122835, 0.20986026783617065, 0.2100730526836209, 0.21641086849359026, 0.22097571983348327, 0.2255837312386272, 0.23925191313243338, 0.2433298410955974, 0.25444866131180616, 0.26296934747074374, 0.2855148941320977, 0.29008674010624125, 0.3149224432498422, 0.4138055067365852], "heldout": [0.04039617840834469, 0.06080907982780097, 0.0625284968466946, 0.08192704338806331, 0.08252055655378834, 0.09246184663010586, 0.093244022106092, 0.0943194671845157, 0.10022484580919665, 0.10531378935920481, 0.11209432609272009, 0.1343598327553983, 0.18796845350411112, 0.19083156125891274], "total": 0.12726027207825305}}