{"GIS": {"within": [-0.0416183421753084, -0.041489355379920524, -0.04137454430343442, -0.04131148554211894, -0.041264629371788604, -0.011678213839772482, -0.01163113426605877, -0.011626250547338587, -0.011576202317851392, -0.011524675341560884, -0.011093046535194903, -0.009630500238373781, -0.009572672291277133, -0.009403236947020575, -0.009200481295321056, -0.008872307160456066, -0.008050757587842083, -0.00772337188640367, -0.007258989537506325, -0.007200230722880835, 0.0038469702208326294, 0.003985628239288793, 0.004026848299376239, 0.004032514218061096, 0.004065225123031864, 0.004163632671022798, 0.00422168701419186, 0.004592700425700864, 0.005256878741313915, 0.00527128538721327, 0.0052957170236792115, 0.005335690372648554, 0.005397907063695411, 0.005445540316878353, 0.005462527483816377, 0.005497221814137999, 0.005586738447130388, 0.00860124558924404, 0.00869107930466242, 0.008726168585003, 0.008937578756466094, 0.009022414290577948, 0.00909561157458631, 0.02270797939838178, 0.022813459438132278, 0.022904213043835813, 0.022945353254557127, 0.022969496977168043, 0.022994244658822913, 0.023000973051558817, 0.023010807700808582, 0.023030527078307852, 0.02306394028779794, 0.023094334278330377, 0.023111580118868175, 0.02311733800318576, 0.023171862897277906, 0.0231753287786713, 0.02320513883592261, 0.02321407430479359, 0.023216180709426385, 0.023238659259655486, 0.023293029928956932, 0.023387192410744922, 0.023485944961758837, 0.023486725612135727, 0.024018754708662864, 0.024268256493102883, 0.054269814351323886, 0.05487215032051176], "heldout": [-0.014578838014534953, -0.011455014442876235, -0.011418315927363733, -0.011391010017141191, -0.011343769093290969, -0.011334544516354341, -0.011262757022586292, 0.022338542981381344, 0.022342829493294507, 0.022437302885962285, 0.022599839694164913, 0.02271125748396199, 0.022748592663918866, 0.02826687945479802], "total": 0.00640169746282063}, "black_box": {"within": [0.04115525754204685, 0.05140152829842194, 0.05326534395805752, 0.06318366608541343, 0.06784252228862908, 0.07028620201248927, 0.07472791703319044, 0.07575962641799616, 0.07625106161772792, 0.0773866358834221, 0.07933980587868186, 0.08322379819130955, 0.08524983971468832, 0.09254386131466748, 0.09312974765107428, 0.09713992998771766, 0.10073642805139983, 0.10434921332960652, 0.1065818956895892, 0.11215404769914702, 0.11351965444454504, 0.11720557798449753, 0.11920308947137552, 0.11956623635267305, 0.12013331799292166, 0.12176440695537856, 0.12366511388755241, 0.12627818838995308, 0.12725353702741155, 0.12832894975437112, 0.13314851223473687, 0.13423132238128893, 0.14612809836069887, 0.146988780465993, 0.14756091327696616, 0.14957013438014363, 0.16917416493617474, 0.16933943623931808, 0.17198463805588507, 0.17431361593898195, 0.18204971045214155, 0.18249995857405454, 0.19195825931181426, 0.1933287297866083, 0.19333184163702655, 0.19345669498928006, 0.19727779095087353, 0.20047015355755332, 0.20648503818031375, 0.21399950634783163, 0.21477645123125713, 0.21986971208315112, 0.22583417628309402, 0.22853787396394834, 0.22877985661226125, 0.23314600603530078, 0.235941717940757, 0.24227449399381898, 0.24907985006838299, 0.2576085857360714, 0.25928087642044423, 0.2780054510710695, 0.2857590500549951, 0.29439541192427043, 0.2987695668860354, 0.30614605057491706, 0.31632982657525205, 0.32195024201658007, 0.3253718434813413, 0.5040367948820632], "heldout": [0.027530400769552734, 0.044044010332022446, 0.0534170220931325, 0.07871093709531866, 0.07962891606224762, 0.0916875865770627, 0.09410355435575718, 0.10411779862794936, 0.10457886043041119, 0.11447866713808728, 0.1240255578853748, 0.16264673406762153, 0.17353201755096462, 0.17749210994983744], "total": 0.1468647902013048}, "linear_baseline": {"within": [-0.007747965236987742, 0.009170330755329685, 0.028819256540647275, 0.029794811880496062, 0.03258005440356532, 0.038321387950295625, 0.04059261632473571, 0.05422827741897156, 0.05483562962178048, 0.05501371386681059, 0.05679892771768474, 0.05719309250153052, 0.058792537458285325, 0.05886595836969282, 0.06114168722805161, 0.06287788962477467, 0.06396110905472958, 0.06401709593300399, 0.06476001046741194, 0.07090033878530386, 0.07320960887339817, 0.07417523428719906, 0.07509088481950166, 0.07552824104916674, 0.07570563134884482, 0.0761007804859332, 0.07986564908133222, 0.0818374618567162, 0.08371985965954436, 0.08589619799075077, 0.08809668758000413, 0.09004226507176072, 0.0981597751521249, 0.09823780886759668, 0.0999271855650458, 0.10258734281632342, 0.10547434393137949, 0.10971215606970215, 0.11004707742260922, 0.11056385592607587, 0.11413254359604115, 0.11463479469047627, 0.11635095633392678, 0.11802738546165897, 0.11803751895836002, 0.12096303910878964, 0.12306866500998496, 0.12319958496093994, 0.12431745446799718, 0.12477162990122204, 0.12492584369150413, 0.12783622819423035, 0.12862546610600603, 0.13212226010574643, 0.13678195307624813, 0.14043268727157832, 0.1424841323683391, 0.14497637107520453, 0.1451408686888858, 0.15617996762719802, 0.16265696507642233, 0.18382010892526104, 0.18456751569622365, 0.19914553109815367, 0.20317867241187987, 0.20475305458721918, 0.20797879405261313, 0.2102850149009888, 0.23901938513760485, 0.2569964970211617], "heldout": [0.04312264738415755, 0.05833622072134913, 0.06193842113196007, 0.06836973509067218, 0.07394746693048504, 0.08393023771284763, 0.08790352359681065, 0.08970171138360691, 0.09814310059762509, 0.09933995254873636, 0.10216714664422843, 0.12332796460777223, 0.16668470226334656, 0.18731747367354737], "total": 0.10227506151277}, "GISP@HEU": {"within": [0.0036054688421749345, 0.033421484057027974, 0.03904921119549317, 0.043175989999077284, 0.043961494638166135, 0.044166276572627665, 0.05387377656622402, 0.055769892082885054, 0.059158099285194804, 0.0602859989965421, 0.06073370265945103, 0.06184932563438361, 0.06233555542890167, 0.06368517133969456, 0.06471832225948752, 0.06610174653888147, 0.06848115302587764, 0.06883518007589366, 0.07172959546468038, 0.07200164656333646, 0.07232135997882544, 0.07480734948725916, 0.07679049040234591, 0.07791907362234507, 0.08007445900654099, 0.08157041947539455, 0.08345882357724863, 0.09033858701427809, 0.0905667646565619, 0.09210591974632883, 0.09513885517042311, 0.10166439840152426, 0.10267718117569369, 0.10334962220119195, 0.10368248096351412, 0.10388958394721508, 0.10647667905438149, 0.11178720882174069, 0.11311751807677438, 0.11534583438189355, 0.11626403512142658, 0.11728354224502613, 0.12257580918428738, 0.12820025503043034, 0.12980834354421866, 0.13020646788361154, 0.13442856144020407, 0.13674801534867678, 0.1394410337834904, 0.14133303895773572, 0.14551717489141144, 0.1460632528761169, 0.14696650702556477, 0.15481499687575556, 0.15495354318051419, 0.1554563496959569, 0.1627256158056236, 0.16404048037047972, 0.17035332904255238, 0.17481908146900182, 0.17558717109696195, 0.19133348880885417, 0.19217458951016247, 0.21313102301923195, 0.2190236792111952, 0.24538446595135696, 0.25040906861737594, 0.2583734329010041, 0.2977226001009095, 0.3181877094408376], "heldout": [0.020939327246112565, 0.04208944525174634, 0.049011772198831294, 0.05275176233390182, 0.05754166703560342, 0.06896219648666158, 0.07675682008355478, 0.08526167210741743, 0.08612910417692118, 0.08663426794854641, 0.089789097599677, 0.09836588064030298, 0.14770725982199798, 0.16201266668424474], "total": 0.10492600677958337},