{"Xin": {"per_subject": [31.845841784989858, 34.52914798206278, 34.84848484848485, 38.95348837209303, 39.225589225589225, 46.13686534216336, 47.30639730639731, 49.17787742899851, 50.30425963488844, 52.18855218855219, 52.18855218855219, 54.882154882154886, 55.15695067264574, 58.417508417508415, 62.03288490284006, 64.07322654462243, 66.06875934230195, 73.01587301587301, 76.23318385650224, 79.12457912457911], "total": 53.28550885308998}, "TEAM2930": {"per_subject": [29.651162790697676, 32.73542600896861, 34.88843813387424, 36.7003367003367, 41.07744107744108, 43.26710816777042, 47.384155455904335, 48.478701825557806, 48.821548821548824, 49.494949494949495, 50.16835016835017, 50.33670033670033, 52.35690235690236, 53.064275037369214, 57.20823798627003, 59.49177877428998, 67.71300448430493, 69.24603174603175, 72.19730941704036, 73.4006734006734], "total": 50.88412660924909}, "FeiFei": {"per_subject": [26.756352765321374, 28.397565922920894, 29.629629629629626, 34.68013468013468, 37.74834437086093, 38.95348837209303, 41.245791245791246, 42.799188640973625, 43.602693602693606, 44.107744107744104, 45.14200298953662, 46.96969696969697, 47.82608695652174, 47.97979797979798, 49.62630792227205, 55.60538116591929, 57.24962630792228, 60.71428571428571, 64.87294469357249, 70.70707070707071], "total": 45.73070673723795}, "ChenLin": {"per_subject": [26.97768762677485, 33.6322869955157, 33.72093023255814, 35.35353535353536, 42.393509127789045, 42.42424242424242, 45.79124579124579, 46.801346801346796, 48.65319865319865, 48.87892376681614, 49.88962472406181, 50.841750841750844, 52.46636771300448, 53.546910755148744, 56.73400673400673, 62.03288490284006, 67.46031746031747, 67.86248131539611, 69.50672645739911, 80.3030303030303], "total": 50.76355039899892}, "baseline": {"per_subject": [31.53961136023916, 31.643002028397564, 33.670033670033675, 34.883720930232556, 39.56228956228956, 46.464646464646464, 47.26166328600406, 47.46136865342163, 47.64309764309764, 50.224215246636774, 51.85185185185185, 52.18855218855219, 52.46636771300448, 53.87205387205387, 55.83524027459954, 56.35276532137519, 64.12556053811659, 66.07142857142857, 71.898355754858, 79.7979797979798], "total": 50.740690236440955}, "XueTeam": {"per_subject": [29.61460446247465, 33.482810164424514, 36.868686868686865, 37.7906976744186, 42.255892255892256, 45.6953642384106, 48.148148148148145, 50.0, 50.97159940209267, 51.52129817444219, 53.064275037369214, 54.04040404040404, 54.882154882154886, 55.05050505050505, 57.66590389016019, 58.893871449925264, 65.47085201793722, 68.84920634920636, 74.2899850523169, 75.75757575757575], "total": 52.21569174582727}, "R_Team": {"per_subject": [30.628803245436103, 33.33333333333333, 34.68013468013468, 37.2093023255814, 39.05723905723906, 40.618101545253865, 46.464646464646464, 46.63299663299663, 49.17787742899851, 49.49290060851927, 50.33670033670033, 50.37369207772795, 53.198653198653204, 53.198653198653204, 54.23340961098398, 61.58445440956651, 63.22869955156951, 66.46825396825396, 68.01195814648729, 74.07407407407408], "total": 50.10019419474047}, "JingTeam": {"per_subject": [32.454361054766736, 33.18385650224215, 35.35353535353536, 35.46511627906977, 42.08754208754209, 47.474747474747474, 47.682119205298015, 48.65319865319865, 50.37369207772795, 52.33265720081136, 52.69360269360269, 53.198653198653204, 56.35276532137519, 56.56565656565656, 57.66590389016019, 61.58445440956651, 70.70254110612855, 76.5321375186846, 76.78571428571429, 83.83838383838383], "total": 53.54903193584325}, "NeuroAttention": {"per_subject": [30.628803245436103, 33.18385650224215, 35.69023569023569, 36.627906976744185, 44.44444444444444, 50.0, 50.993377483443716, 51.178451178451176, 55.75485799701047, 55.90433482810164, 56.3894523326572, 56.9023569023569, 57.407407407407405, 58.58585858585859, 63.1578947368421, 63.52765321375187, 71.74887892376681, 77.57847533632287, 81.54761904761905, 82.82828282828282], "total": 55.70400738304876}, "bigbrain": {"per_subject": [23.61733931240658, 24.34077079107505, 25.420875420875422, 25.56053811659193, 27.373068432671083, 28.114478114478114, 29.411764705882355, 30.813953488372093, 31.14478114478115, 31.313131313131315, 31.986531986531986, 32.323232323232325, 32.585949177877424, 34.32494279176201, 34.68013468013468, 35.91269841269841, 38.11659192825112, 38.41554559043348, 41.85351270553064, 42.76094276094276], "total": 32.003539159883005}, "HWAud": {"per_subject": [19.36026936026936, 23.340961098398168, 27.38336713995943, 32.13751868460389, 35.52188552188552, 38.95348837209303, 41.582491582491585, 45.916114790286976, 48.821548821548824, 49.32659932659932, 52.01793721973094, 53.96113602391629, 54.71380471380471, 56.22895622895623, 59.02636916835699, 62.18236173393124, 66.96562032884903, 72.79521674140508, 74.40476190476191, 79.62962962962963], "total": 49.713501919573915}, "WUHCS1": {"per_subject": [30.223123732251523, 32.55813953488372, 32.73542600896861, 36.36363636363637, 42.76094276094276, 47.30639730639731, 47.46136865342163, 50.33670033670033, 52.02020202020202, 52.3168908819133, 53.36700336700336, 53.7525354969574, 55.55555555555556, 56.80119581464873, 57.43707093821511, 58.594917787742894, 70.254110612855, 73.39312406576981, 75.9920634920635, 82.15488215488216], "total": 53.06926434425056}, "HaLu": {"per_subject": [18.086696562032888, 18.68686868686869, 19.52861952861953, 19.730941704035875, 20.029895366218238, 20.08113590263692, 20.2020202020202, 20.37037037037037, 20.59496567505721, 20.97130242825607, 21.548821548821547, 22.61904761904762, 22.727272727272727, 22.869955156950674, 23.32657200811359, 23.400673400673398, 24.51420029895366, 24.813153961136024, 25.0, 27.609427609427613], "total": 21.835597037825643}, "GISPHEU": {"per_subject": [14.534883720930234, 17.339312406576983, 17.857142857142858, 18.181818181818183, 18.35016835016835, 18.51851851851852, 18.864097363083165, 18.98355754857997, 19.023569023569024, 19.13303437967115, 19.13303437967115, 19.52861952861953, 19.52861952861953, 19.730941704035875, 20.36613272311213, 20.62780269058296, 21.548821548821547, 21.85430463576159, 23.52941176470588, 24.242424242424242], "total": 19.543810754820644}, "KLSACUQ": {"per_subject": [30.628803245436103, 36.47234678624813, 36.868686868686865, 37.2093023255814, 47.64309764309764, 51.65562913907284, 53.03030303030303, 53.535353535353536, 55.375253549695735, 55.72390572390572, 59.04334828101644, 59.04334828101644, 59.427609427609426, 60.437710437710436, 63.61556064073226, 66.06875934230195, 73.99103139013454, 79.82062780269058, 82.14285714285714, 85.01683501683502], "total": 57.337518480514255}, "NJUAALab": {"per_subject": [29.006085192697768, 32.73542600896861, 34.00673400673401, 38.95348837209303, 47.64309764309764, 47.97979797979798, 48.148148148148145, 50.55187637969095, 51.178451178451176, 52.35690235690236, 52.615844544095665, 53.21375186846039, 53.535353535353536, 56.79513184584179, 57.66590389016019, 66.06875934230195, 72.02380952380952, 73.54260089686099, 74.14050822122572, 83.83838383838383], "total": 53.80000273865376}, "SSXS": {"per_subject": [29.817444219066935, 31.838565022421523, 34.84848484848485, 38.552188552188554, 40.116279069767444, 42.384105960264904, 44.78114478114478, 49.32659932659932, 50.224215246636774, 50.505050505050505, 51.85185185185185, 51.85185185185185, 53.34685598377283, 54.85799701046338, 57.89473684210527, 60.837070254110614, 63.67713004484305, 70.23809523809523, 70.4035874439462, 75.75757575757575], "total": 51.15554149051207}}