{"baseline": {"per_subject": [31.53961136023916, 31.643002028397564, 33.670033670033675, 34.883720930232556, 39.56228956228956, 46.464646464646464, 47.26166328600406, 47.46136865342163, 47.64309764309764, 50.224215246636774, 51.85185185185185, 52.18855218855219, 52.46636771300448, 53.87205387205387, 55.83524027459954, 56.35276532137519, 64.12556053811659, 66.07142857142857, 71.898355754858, 79.7979797979798], "total": 50.740690236440955}, "XueTeam": {"per_subject": [29.61460446247465, 33.482810164424514, 36.868686868686865, 37.7906976744186, 42.255892255892256, 45.6953642384106, 48.148148148148145, 50.0, 50.97159940209267, 51.52129817444219, 53.064275037369214, 54.04040404040404, 54.882154882154886, 55.05050505050505, 57.66590389016019, 58.893871449925264, 65.47085201793722, 68.84920634920636, 74.2899850523169, 75.75757575757575], "total": 52.21569174582727}, "R_Team": {"per_subject": [30.628803245436103, 33.33333333333333, 34.68013468013468, 37.2093023255814, 39.05723905723906, 40.618101545253865, 46.464646464646464, 46.63299663299663, 49.17787742899851, 49.49290060851927, 50.33670033670033, 50.37369207772795, 53.198653198653204, 53.198653198653204, 54.23340961098398, 61.58445440956651, 63.22869955156951, 66.46825396825396, 68.01195814648729, 74.07407407407408], "total": 50.10019419474047}, "NeuroAttention": {"per_subject": [30.628803245436103, 33.18385650224215, 35.69023569023569, 36.627906976744185, 44.44444444444444, 50.0, 50.993377483443716, 51.178451178451176, 55.75485799701047, 55.90433482810164, 56.3894523326572, 56.9023569023569, 57.407407407407405, 58.58585858585859, 63.1578947368421, 63.52765321375187, 71.74887892376681, 77.57847533632287, 81.54761904761905, 82.82828282828282], "total": 55.70400738304876}, "bigbrain": {"per_subject": [23.61733931240658, 24.34077079107505, 25.420875420875422, 25.56053811659193, 27.373068432671083, 28.114478114478114, 29.411764705882355, 30.813953488372093, 31.14478114478115, 31.313131313131315, 31.986531986531986, 32.323232323232325, 32.585949177877424, 34.32494279176201, 34.68013468013468, 35.91269841269841, 38.11659192825112, 38.41554559043348, 41.85351270553064, 42.76094276094276], "total": 32.003539159883}, "HWAud": {"per_subject": [19.36026936026936, 23.340961098398168, 27.38336713995943, 32.13751868460389, 35.52188552188552, 38.95348837209303, 41.582491582491585, 45.916114790286976, 48.821548821548824, 49.32659932659932, 52.01793721973094, 53.96113602391629, 54.71380471380471, 56.22895622895623, 59.02636916835699, 62.18236173393124, 66.96562032884903, 72.79521674140508, 74.40476190476191, 79.62962962962963], "total": 49.713501919573915}, "WUHCS1": {"per_subject": [30.223123732251523, 32.55813953488372, 32.73542600896861, 36.36363636363637, 42.76094276094276, 47.30639730639731, 47.46136865342163, 50.33670033670033, 52.02020202020202, 52.3168908819133, 53.36700336700336, 53.7525354969574, 55.55555555555556, 56.80119581464873, 57.43707093821511, 58.594917787742894, 70.254110612855, 73.39312406576981, 75.9920634920635, 82.15488215488216], "total": 53.069264344250556}, "TEAM2930": {"per_subject": [19.450800915331808, 19.865319865319865, 26.57200811359026, 28.998505231689087, 31.48148148148148, 33.13953488372093, 35.54083885209713, 37.20538720538721, 39.56228956228956, 39.8989898989899, 41.25560538116592, 41.37931034482759, 43.09764309764309, 45.889387144992526, 47.08520179372198, 48.821548821548824, 54.7085201793722, 56.547619047619044, 61.43497757847533, 75.58922558922558], "total": 41.37620974942446}, "SSXS": {"per_subject": [29.817444219066935, 31.838565022421523, 34.84848484848485, 38.552188552188554, 40.116279069767444, 42.384105960264904, 44.78114478114478, 49.32659932659932, 50.224215246636774, 50.505050505050505, 51.85185185185185, 51.85185185185185, 53.34685598377283, 54.85799701046338, 57.89473684210527, 60.837070254110614, 63.67713004484305, 70.23809523809523, 70.4035874439462, 75.75757575757575], "total": 51.15554149051208}}