{"Xin": {"per_subject": [31.845841784989858, 34.52914798206278, 34.84848484848485, 38.95348837209303, 39.225589225589225, 46.13686534216336, 47.30639730639731, 49.17787742899851, 50.30425963488844, 52.18855218855219, 52.18855218855219, 54.882154882154886, 55.15695067264574, 58.417508417508415, 62.03288490284006, 64.07322654462243, 66.06875934230195, 73.01587301587301, 76.23318385650224, 79.12457912457911], "total": 53.28550885308997}, "Zero": {"per_subject": [29.817444219066935, 32.55813953488372, 33.6322869955157, 37.37373737373738, 41.75084175084175, 45.916114790286976, 47.81144781144781, 49.02840059790732, 51.85185185185185, 52.861952861952865, 53.34685598377283, 54.04040404040404, 55.60538116591929, 57.07070707070707, 59.95423340961098, 60.53811659192825, 65.76980568011959, 70.254110612855, 71.03174603174604, 77.27272727272727], "total": 52.37431528236414}, "TEAM2930": {"per_subject": [29.651162790697676, 32.73542600896861, 34.88843813387424, 36.7003367003367, 41.07744107744108, 43.26710816777042, 47.384155455904335, 48.478701825557806, 48.821548821548824, 49.494949494949495, 50.16835016835017, 50.33670033670033, 52.35690235690236, 53.064275037369214, 57.20823798627003, 59.49177877428998, 67.71300448430493, 69.24603174603175, 72.19730941704036, 73.4006734006734], "total": 50.88412660924909}, "FeiFei": {"per_subject": [26.756352765321374, 28.397565922920894, 29.629629629629626, 34.68013468013468, 37.74834437086093, 38.95348837209303, 41.245791245791246, 42.799188640973625, 43.602693602693606, 44.107744107744104, 45.14200298953662, 46.96969696969697, 47.82608695652174, 47.97979797979798, 49.62630792227205, 55.60538116591929, 57.24962630792228, 60.71428571428571, 64.87294469357249, 70.70707070707071], "total": 45.730706737237945}, "MLG": {"per_subject": [30.223123732251523, 31.689088191330345, 35.69023569023569, 36.04651162790697, 38.38383838383838, 45.033112582781456, 45.95959595959596, 46.2962962962963, 50.709939148073026, 51.34680134680135, 51.569506726457405, 51.68350168350169, 52.3168908819133, 52.40274599542334, 55.218855218855225, 60.0896860986547, 68.01195814648729, 73.54260089686099, 75.79365079365078, 79.7979797979798], "total": 51.590295959944775}, "ChenLin": {"per_subject": [26.97768762677485, 33.6322869955157, 33.72093023255814, 35.35353535353536, 42.393509127789045, 42.42424242424242, 45.79124579124579, 46.801346801346796, 48.65319865319865, 48.87892376681614, 49.88962472406181, 50.841750841750844, 52.46636771300448, 53.546910755148744, 56.73400673400673, 62.03288490284006, 67.46031746031747, 67.86248131539611, 69.50672645739911, 80.3030303030303], "total": 50.76355039899893}, "StayEEG": {"per_subject": [31.237322515212984, 33.5016835016835, 34.08071748878923, 34.883720930232556, 38.72053872053872, 40.397350993377486, 42.42424242424242, 44.78114478114478, 45.79124579124579, 46.65314401622718, 47.08520179372198, 49.831649831649834, 50.074738415545596, 50.34324942791763, 54.71380471380471, 56.80119581464873, 63.07922272047832, 69.64285714285714, 71.898355754858, 77.44107744107744], "total": 49.169123210962695}, "baseline": {"per_subject": [31.53961136023916, 31.643002028397564, 33.670033670033675, 34.883720930232556, 39.56228956228956, 46.464646464646464, 47.26166328600406, 47.46136865342163, 47.64309764309764, 50.224215246636774, 51.85185185185185, 52.18855218855219, 52.46636771300448, 53.87205387205387, 55.83524027459954, 56.35276532137519, 64.12556053811659, 66.07142857142857, 71.898355754858, 79.7979797979798], "total": 50.740690236440955}, "XueTeam": {"per_subject": [29.61460446247465, 33.482810164424514, 36.868686868686865, 37.7906976744186, 42.255892255892256, 45.6953642384106, 48.148148148148145, 50.0, 50.97159940209267, 51.52129817444219, 53.064275037369214, 54.04040404040404, 54.882154882154886, 55.05050505050505, 57.66590389016019, 58.893871449925264, 65.47085201793722, 68.84920634920636, 74.2899850523169, 75.75757575757575], "total": 52.21569174582727}, "R_Team": {"per_subject": [30.628803245436103, 33.33333333333333, 34.68013468013468, 37.2093023255814, 39.05723905723906, 40.618101545253865, 46.464646464646464, 46.63299663299663, 49.17787742899851, 49.49290060851927, 50.33670033670033, 50.37369207772795, 53.198653198653204, 53.198653198653204, 54.23340961098398, 61.58445440956651, 63.22869955156951, 66.46825396825396, 68.01195814648729, 74.07407407407408], "total": 50.10019419474047}, "JingTeam": {"per_subject": [32.454361054766736, 33.18385650224215, 35.35353535353536, 35.46511627906977, 42.08754208754209, 47.474747474747474, 47.682119205298015, 48.65319865319865, 50.37369207772795, 52.33265720081136, 52.69360269360269, 53.198653198653204, 56.35276532137519, 56.56565656565656, 57.66590389016019, 61.58445440956651, 70.70254110612855, 76.5321375186846, 76.78571428571429, 83.83838383838383], "total": 53.54903193584327}, "SSXS": {"per_subject": [27.789046653144016, 32.55813953488372, 33.33333333333333, 33.33333333333333, 42.82560706401766, 43.09764309764309, 46.801346801346796, 48.65319865319865, 50.97159940209267, 51.515151515151516, 51.515151515151516, 51.569506726457405, 51.68350168350169, 51.724137931034484, 59.26773455377574, 60.239162929745895, 67.41405082212258, 68.05555555555556, 70.85201793721974, 75.58922558922558], "total": 50.939422231596744}, "HWAud": {"per_subject": [30.02028397565923, 32.884902840059794, 33.72093023255814, 34.17508417508417, 44.107744107744104, 44.81236203090508, 48.821548821548824, 51.515151515151516, 52.01793721973094, 52.3168908819133, 53.9553752535497, 54.04040404040404, 54.20875420875421, 55.218855218855225, 61.43497757847533, 61.556064073226544, 65.76980568011959, 69.04761904761905, 74.14050822122572, 76.93602693602693], "total": 52.53506130293057}, "NeuroAttention": {"per_subject": [30.628803245436103, 33.18385650224215, 35.69023569023569, 36.627906976744185, 44.44444444444444, 50.0, 50.993377483443716, 51.178451178451176, 55.75485799701047, 55.90433482810164, 56.3894523326572, 56.9023569023569, 57.407407407407405, 58.58585858585859, 63.1578947368421, 63.52765321375187, 71.74887892376681, 77.57847533632287, 81.54761904761905, 82.82828282828282], "total": 55.70400738304877}, "bigbrain": {"per_subject": [23.61733931240658, 24.34077079107505, 25.420875420875422, 25.56053811659193, 27.373068432671083, 28.114478114478114, 29.411764705882355, 30.813953488372093, 31.14478114478115, 31.313131313131315, 31.986531986531986, 32.323232323232325, 32.585949177877424, 34.32494279176201, 34.68013468013468, 35.91269841269841, 38.11659192825112, 38.41554559043348, 41.85351270553064, 42.76094276094276], "total": 32.003539159883}, "YANNY": {"per_subject": [31.845841784989858, 36.195286195286194, 37.07025411061286, 39.53488372093023, 46.63299663299663, 48.28101644245142, 48.821548821548824, 49.89858012170386, 50.82212257100149, 51.515151515151516, 52.53863134657837, 55.55555555555556, 55.72390572390572, 58.12356979405035, 58.58585858585859, 58.744394618834086, 68.46038863976084, 74.0079365079365, 77.87742899850522, 82.65993265993265], "total": 54.14476421737953}, "WUHCS1": {"per_subject": [30.223123732251523, 32.55813953488372, 32.73542600896861, 36.36363636363637, 42.76094276094276, 47.30639730639731, 47.46136865342163, 50.33670033670033, 52.02020202020202, 52.3168908819133, 53.36700336700336, 53.7525354969574, 55.55555555555556, 56.80119581464873, 57.43707093821511, 58.594917787742894, 70.254110612855, 73.39312406576981, 75.9920634920635, 82.15488215488216], "total": 53.069264344250556}, "AISTotle": {"per_subject": [30.223123732251523, 30.792227204783256, 36.02693602693603, 37.2093023255814, 39.05723905723906, 47.64309764309764, 47.90286975717439, 50.97159940209267, 51.010101010101, 51.115618661257614, 51.569506726457405, 54.54545454545454, 54.71380471380471, 56.9023569023569, 58.12356979405035, 60.98654708520179, 66.66666666666666, 71.62698412698413, 72.49626307922273, 81.48148148148148], "total": 52.55323749710976},