{"baseline": {"within": [0.022333529642657658, 0.029335949914399775, 0.035095288197975964, 0.04443346907458295, 0.05083983962594533, 0.05582519738245121, 0.056285213426272934, 0.05703925241674606, 0.05909522697402299, 0.05949672486677188, 0.05988437330532828, 0.060156983630805655, 0.06133050960729971, 0.06547730788017926, 0.06638592452705794, 0.07058993277349755, 0.07252421780079035, 0.07533982328519867, 0.07589469628663657, 0.08127459934277337, 0.08240268881511033, 0.08747421267935605, 0.08766146839982868, 0.09322869603420476, 0.0989280236168813, 0.09993123406206128, 0.10841624671884907, 0.1114015067568291, 0.11677053120046686, 0.11693989158341342, 0.12346223047747583, 0.12438206880857552, 0.12594047618344198, 0.12762631941985772, 0.12844075758721515, 0.13069738823522442, 0.1342960393672443, 0.13550211441581525, 0.13559417907580779, 0.13793743262284952, 0.14158065509591697, 0.14307198389369802, 0.14426420308125865, 0.14431354682884384, 0.14765949731819278, 0.1491207248733628, 0.15171666974203615, 0.1529468695536901, 0.15849716427524937, 0.15917285854874622, 0.16637919813701108, 0.1665766425735804, 0.16799642520106864, 0.16914328321566746, 0.1759028956538508, 0.1782424657319441, 0.18468610530848512, 0.19807791039634137, 0.1983792880190729, 0.20626635233765786, 0.20670506147487003, 0.21789669091460787, 0.2238915765759376, 0.22675436144174624, 0.23107434166713897, 0.23376824090805032, 0.2687981473182832, 0.27185075733203334, 0.27762868425669246, 0.4134957138944375], "heldout": [0.04450276547789889, 0.04496409663756705, 0.04609164429716615, 0.05601532651604835, 0.06140163918570928, 0.07517827832517941, 0.07578710412833232, 0.08064896904812942, 0.08815841402424039, 0.10751859637854165, 0.10881508357441583, 0.13996741066025178, 0.16557110591663435, 0.17855510254836013], "total": 0.11928065450845296}, "ACL": {"within": [0.019678058332781998, 0.027427591085153916, 0.030567231584831742, 0.03271077349150755, 0.04207823038967637, 0.04955278938000045, 0.05186961176050272, 0.052524069938543756, 0.05373617088887154, 0.05577835506630337, 0.05695625646634317, 0.05829370728244796, 0.06081790369644998, 0.06126632983216598, 0.06441247778530788, 0.06485967243065258, 0.06926613370359067, 0.06967855622057786, 0.07202986545347285, 0.07277612869271259, 0.07373589040877214, 0.07580639885104451, 0.07631667387705833, 0.07800458186169464, 0.08036900046205943, 0.08069210854517363, 0.08651949439015329, 0.09025679195047491, 0.09326895631725403, 0.09437754279179375, 0.09958085257583418, 0.10022501192090744, 0.10083072227609131, 0.10097328509028351, 0.10164851381262287, 0.10467727673513627, 0.10769988181796264, 0.10825403146983915, 0.10995437395616744, 0.11173631714208537, 0.11251932078236547, 0.11534879107305894, 0.1209328584244933, 0.1324218424966601, 0.14259634823974537, 0.1520975535539268, 0.1564590606202316, 0.15704208641531506, 0.15787653689679468, 0.15806576978957598, 0.1588403096310838, 0.15969644059629556, 0.16141370575057562, 0.16535944419059723, 0.16625091948061776, 0.16679078876898268, 0.17149850618632745, 0.18006261658596076, 0.1836277343566493, 0.1841464331945694, 0.18549503013736307, 0.19335748391882332, 0.1993765942770278, 0.20355892904944492, 0.2085684352247978, 0.22540229783206606, 0.2447270521132266, 0.24864577723392106, 0.2755571378436119, 0.34483792228048765], "heldout": [0.03770309984778838, 0.05804503074471911, 0.059686292444572124, 0.07820308687042407, 0.07839452872609892, 0.08252953378645124, 0.08783875429860057, 0.089005657464906, 0.0956691709996877, 0.10052679893378641, 0.10648960978808408, 0.12764184111762839, 0.17857003082890557, 0.1812899831959671], "total": 0.11216918946950426}}