{"ACL": {"within": [0.6382978723404256, 0.65, 0.6666666666666666, 0.6721311475409836, 0.6808510638297872, 0.6808510638297872, 0.6909090909090909, 0.6923076923076923, 0.7021276595744681, 0.7021276595744681, 0.7021276595744681, 0.7021276595744681, 0.7021276595744681, 0.7049180327868853, 0.7083333333333334, 0.717948717948718, 0.723404255319149, 0.725, 0.7272727272727273, 0.7272727272727273, 0.7272727272727273, 0.7272727272727273, 0.7272727272727273, 0.7291666666666666, 0.7435897435897436, 0.7435897435897436, 0.7435897435897436, 0.7446808510638298, 0.7446808510638298, 0.7446808510638298, 0.7446808510638298, 0.7446808510638298, 0.7446808510638298, 0.75, 0.7567567567567568, 0.7636363636363637, 0.7636363636363637, 0.7659574468085106, 0.7659574468085106, 0.7818181818181819, 0.7818181818181819, 0.7833333333333333, 0.7868852459016393, 0.7872340425531915, 0.7872340425531915, 0.7872340425531915, 0.8, 0.8, 0.8085106382978723, 0.8181818181818182, 0.819672131147541, 0.8205128205128205, 0.8297872340425532, 0.8378378378378378, 0.8461538461538461, 0.851063829787234, 0.851063829787234, 0.8524590163934426, 0.8541666666666666, 0.8545454545454545, 0.8666666666666667, 0.8717948717948718, 0.8723404255319149, 0.8727272727272727, 0.875, 0.8833333333333333, 0.8958333333333334, 0.9, 0.9090909090909091, 0.9272727272727272], "heldout": [0.6960352422907489, 0.7005988023952096, 0.7030411449016101, 0.7030411449016101, 0.7251356238698011, 0.7334525939177102, 0.7468354430379747, 0.7649186256781193, 0.7775768535262206, 0.7974683544303798, 0.7978533094812165, 0.813953488372093, 0.8389982110912343, 0.8752260397830018], "total": 0.7694428112413567}, "baseline": {"within": [0.0, 0.0, 0.5106382978723404, 0.5454545454545454, 0.5625, 0.5641025641025641, 0.5641025641025641, 0.5666666666666667, 0.5818181818181818, 0.5897435897435898, 0.6, 0.6153846153846154, 0.6170212765957447, 0.6181818181818182, 0.6382978723404256, 0.65, 0.65, 0.6545454545454545, 0.6595744680851063, 0.6595744680851063, 0.6595744680851063, 0.6666666666666666, 0.6666666666666666, 0.6666666666666666, 0.6727272727272727, 0.6727272727272727, 0.6808510638297872, 0.6875, 0.6909090909090909, 0.7, 0.7049180327868853, 0.7090909090909091, 0.7213114754098361, 0.723404255319149, 0.723404255319149, 0.725, 0.7446808510638298, 0.7446808510638298, 0.7454545454545455, 0.7454545454545455, 0.7454545454545455, 0.7567567567567568, 0.7636363636363637, 0.7659574468085106, 0.7659574468085106, 0.7659574468085106, 0.7659574468085106, 0.7666666666666667, 0.7704918032786885, 0.7818181818181819, 0.7833333333333333, 0.7872340425531915, 0.7916666666666666, 0.7948717948717948, 0.7948717948717948, 0.8, 0.8, 0.8085106382978723, 0.8108108108108109, 0.8125, 0.819672131147541, 0.8297872340425532, 0.8297872340425532, 0.851063829787234, 0.851063829787234, 0.851063829787234, 0.8666666666666667, 0.8688524590163934, 0.8727272727272727, 0.9148936170212766], "heldout": [0.5269461077844312, 0.6079295154185022, 0.6473779385171791, 0.6833631484794276, 0.7012522361359571, 0.7030411449016101, 0.7119856887298748, 0.7251356238698011, 0.7298747763864043, 0.7359855334538878, 0.7414104882459313, 0.7522603978300181, 0.7638640429338104, 0.8444846292947559], "total": 0.7026152832614341}}