{"WUHCS1": {"per_subject": [0.009761203906152753, 0.010622689671250971, 0.011887627794035113, 0.014317908711667854, 0.014458778558738112, 0.019281191641590843, 0.022714131773761193, 0.026455015484179386, 0.02755812963357173, 0.03169047739781906, 0.032287415143784796, 0.033431974031220835, 0.03352813044233153, 0.0358272213629357, 0.03800236110741228, 0.04586259256324107, 0.046361034863493376, 0.04777286651946487, 0.04893662324061257, 0.05051685475298367], "total": 0.03006371143001239, "per_band": [0.0549452382989515, 0.0435482290724265, 0.03342326945969562, 0.02569881664573061, 0.02217183366352752, 0.024765795271587426, 0.026575030871807702, 0.027572095361855297, 0.02173891414007016, 0.020197891514471537]}, "baseline": {"per_subject": [0.005002189896975527, 0.006190904479073728, 0.011605907323755611, 0.011998274946210767, 0.01271844786282298, 0.01479553049700442, 0.0169014148080388, 0.01844943695116664, 0.018838253595564444, 0.02017306049621585, 0.020758726208283826, 0.023559674096819826, 0.02376264937227693, 0.025053837611232383, 0.02738294786800158, 0.027430289623047714, 0.03049924074554258, 0.03259489336322358, 0.038457578767949946, 0.0410724355702574], "total": 0.021362284704173225, "per_band": [0.03756783239625666, 0.03177050050120379, 0.02275346622878985, 0.015829808697475207, 0.014154236927987136, 0.01568604637089888, 0.019734624172370912, 0.0210298802655653, 0.01757525752044562, 0.017521193960738913]}, "SSXS": {"per_subject": [0.014523225079177459, 0.014872354208123587, 0.015923343670872076, 0.01684554785999267, 0.02241570461652167, 0.026700175946070916, 0.02969044029010774, 0.032398801081587596, 0.035909112699956454, 0.03777432395376645, 0.04314458200689664, 0.04372148838964475, 0.04441858311837185, 0.046722497838415006, 0.047339401928779896, 0.05116482325460768, 0.0512849276389504, 0.05169928054856101, 0.05751025444370671, 0.06670345878468978], "total": 0.037538116367940015, "per_band": [0.0670361363832161, 0.05294274737240651, 0.042438901622107575, 0.03292879329699708, 0.02916424881121287, 0.029725496371854888, 0.03173254146528388, 0.03514076675881797, 0.027767775145066686, 0.02650375645243665]}, "BRAIn": {"per_subject": [-0.004439294676946048, -0.003532932614093951, -0.002918678752128538, -0.0019078121633751854, -0.0014565768468403106, -0.0010735408841868479, -0.0010313982241374922, -0.0008662331110752913, -0.0008042717047709685, -0.0006372922735514673, -0.0003026317944646255, -0.0002291513985373662, 0.000388548654851524, 0.0006652937648090018, 0.0009329246235990521, 0.0010452172100295953, 0.0030767516167191132, 0.003124876692628176, 0.005289554830047779, 0.006306659741966051], "total": 8.150063452711004e-05, "per_band": [0.0005041290433740627, -0.00010674701371690337, 0.00047617480258200774, 0.0009359023876395197, -0.00043499648099879043, -0.0004872982968526789, 0.0005692636375296446, -0.0005764843539607517, -0.0004723558675751377, 0.00040741848725012934]}, "TQLZZZ": {"per_subject": [0.010311199421879367, 0.01491551610228716, 0.014930893908740328, 0.016058220397927536, 0.021923212285313503, 0.02422087487231531, 0.027695770954338936, 0.029640252075254597, 0.031384446632010524, 0.031699693484633834, 0.03857945183390477, 0.0398142548003981, 0.039816328361435, 0.041085978863316906, 0.04226829652486899, 0.04554824187689055, 0.04760977523192175, 0.050529611844175176, 0.05452747001498339, 0.05975788562926543], "total": 0.034115868755793054, "per_band": [0.06282153607522487, 0.04936521957474977, 0.039305392830226174, 0.029417080116518706, 0.025385126198204398, 0.025877613521559602, 0.028664993960417894, 0.03251167971185883, 0.0247141640058866, 0.0230958815632838]}, "TEAM2930": {"per_subject": [0.012605129096666313, 0.014413633294482638, 0.016241067836053915, 0.01695032617147655, 0.02066776117253065, 0.025895993873306405, 0.028272249073289787, 0.03323773658736126, 0.033749536644790794, 0.038400302811076266, 0.042459752782698784, 0.042674200044442556, 0.043531732123733166, 0.04404800351880189, 0.04544074571947438, 0.05190826534667204, 0.05252696927177992, 0.052560852592055646, 0.058259661892696296, 0.06751013566819321], "total": 0.03706770277607913, "per_band": [0.0666850275891508, 0.05279399715077325, 0.041675522122854115, 0.03207288890967007, 0.028568925719661853, 0.028872397645834158, 0.03185580604840032, 0.03484090666976444, 0.02720853135183776, 0.026103024552844432]}, "imubjl": {"per_subject": [0.009669640191596603, 0.012701307989766587, 0.013411307165654416, 0.016723184973260564, 0.018847110485803453, 0.025944880160282045, 0.02825528824770573, 0.028445053056533616, 0.030486607864371275, 0.03312501764781121, 0.03615814662156298, 0.03743565340153061, 0.038481539922631626, 0.04051737936213275, 0.04130900952588546, 0.04390148492239771, 0.04463585829157976, 0.04505557654346779, 0.05226124893015043, 0.05933028973280326], "total": 0.0328347792518464, "per_band": [0.06214293503951372, 0.04863421294217561, 0.03720928989673898, 0.027630030061315917, 0.024590725155858573, 0.024564078640305076, 0.02673070976540079, 0.0308195691488505, 0.02413030524768147, 0.02189593662062329]}, "NJUEEG": {"per_subject": [0.010715134397083131, 0.012556685777099206, 0.014866187181043192, 0.016412547251208776, 0.018376708185314575, 0.018578168985424193, 0.027965856380887673, 0.030101475898640526, 0.030942119531222393, 0.035464750355899056, 0.03744501049692947, 0.04007051123252938, 0.04076397841436499, 0.04112312835408207, 0.04654697282968833, 0.04960211602591829, 0.050280991198929856, 0.05060497247432491, 0.054894617509140785, 0.06382943587024954], "total": 0.03455706841749902, "per_band": [0.06112702256417525, 0.04846239570377288, 0.03833883161697006, 0.029675254086603493, 0.02587438018526539, 0.02749513876755986, 0.030278397320200788, 0.03307583847680641, 0.026642085255886135, 0.024601340197749864]}, "WHUCS1": {"per_subject": [0.011593349455238449, 0.01200321763795799, 0.012929276324127284, 0.017718176414866917, 0.022959265826155123, 0.02447848839921062, 0.024662118464258646, 0.025100734886760095, 0.037662972894748986, 0.037743016734935235, 0.03935062017471627, 0.04237799644153123, 0.04239429054667147, 0.04274816953683342, 0.04351526457078629, 0.044570297167068576, 0.04674419476310137, 0.04756390578967499, 0.06190372784926585, 0.06294550454052752], "total": 0.03504822942092182, "per_band": [0.06513667246239536, 0.05025625128808188, 0.03916351690093582, 0.029963158799375243, 0.027040996844573013, 0.02740469297404542, 0.029438301230841745, 0.03260922483746537, 0.025169414839629208, 0.02430006403187511]}, "HelloWorld": {"per_subject": [-0.0037305516820347697, -0.0021602418476027734, -0.002022335561498943, -0.001860363053873173, -0.001681289821050915, -0.0014091093306165504, -0.0010821242595960192, -0.0010802565465461737, -0.0005308860311608279, 5.4748165166795956e-05, 0.0007631454583046086, 0.0009385467285429993, 0.0016295560141900752, 0.0016922707996789312, 0.0018902752858288414, 0.002897838964370561, 0.0032166267769376494, 0.003938639720750635, 0.006174905263022057, 0.006984289857906212], "total": 0.0007311842450359611, "per_band": [0.0007228485408019888, 0.000654229269632994, 0.0014736216091477082, 0.0015199365769448363, -0.0002519018904332283, 0.00043141894074153234, 0.0015707833897638066, 0.0007104379796337214, -0.0001331527317906021, 0.0006136207659168497]}}