{"WUHCS1": {"per_subject": [0.009761203906152753, 0.010622689671250971, 0.011887627794035113, 0.014317908711667854, 0.014458778558738112, 0.019281191641590843, 0.022714131773761193, 0.026455015484179386, 0.02755812963357173, 0.03169047739781906, 0.032287415143784796, 0.033431974031220835, 0.03352813044233153, 0.0358272213629357, 0.03800236110741228, 0.04586259256324107, 0.046361034863493376, 0.04777286651946487, 0.04893662324061257, 0.05051685475298367], "total": 0.030063711430012387, "per_band": [0.054945238298951496, 0.043548229072426496, 0.033423269459695606, 0.02569881664573061, 0.02217183366352752, 0.02476579527158743, 0.026575030871807702, 0.027572095361855297, 0.021738914140070155, 0.020197891514471537]}, "baseline": {"per_subject": [0.005002189896975527, 0.006190904479073728, 0.011605907323755611, 0.011998274946210767, 0.01271844786282298, 0.01479553049700442, 0.0169014148080388, 0.01844943695116664, 0.018838253595564444, 0.02017306049621585, 0.020758726208283826, 0.023559674096819826, 0.02376264937227693, 0.025053837611232383, 0.02738294786800158, 0.027430289623047714, 0.03049924074554258, 0.03259489336322358, 0.038457578767949946, 0.0410724355702574], "total": 0.021362284704173225, "per_band": [0.03756783239625666, 0.031770500501203794, 0.022753466228789855, 0.015829808697475207, 0.014154236927987136, 0.015686046370898883, 0.019734624172370915, 0.021029880265565296, 0.01757525752044562, 0.01752119396073891]}, "SSXS": {"per_subject": [0.014523225079177459, 0.014872354208123587, 0.015923343670872076, 0.01684554785999267, 0.02241570461652167, 0.026700175946070916, 0.02969044029010774, 0.032398801081587596, 0.035909112699956454, 0.03777432395376645, 0.04314458200689664, 0.04372148838964475, 0.04441858311837185, 0.046722497838415006, 0.047339401928779896, 0.05116482325460768, 0.0512849276389504, 0.05169928054856101, 0.05751025444370671, 0.06670345878468978], "total": 0.03753811636794001, "per_band": [0.06703613638321608, 0.05294274737240652, 0.042438901622107575, 0.032928793296997085, 0.029164248811212868, 0.029725496371854888, 0.03173254146528387, 0.03514076675881798, 0.027767775145066686, 0.02650375645243665]}, "TEAM2930": {"per_subject": [0.012605129096666313, 0.014413633294482638, 0.016241067836053915, 0.01695032617147655, 0.02066776117253065, 0.025895993873306405, 0.028272249073289787, 0.03323773658736126, 0.033749536644790794, 0.038400302811076266, 0.042459752782698784, 0.042674200044442556, 0.043531732123733166, 0.04404800351880189, 0.04544074571947438, 0.05190826534667204, 0.05252696927177992, 0.052560852592055646, 0.058259661892696296, 0.06751013566819321], "total": 0.037067702776079126, "per_band": [0.06668502758915079, 0.05279399715077325, 0.041675522122854115, 0.03207288890967007, 0.028568925719661853, 0.028872397645834165, 0.03185580604840031, 0.034840906669764436, 0.02720853135183776, 0.026103024552844432]}, "imubjl": {"per_subject": [0.009669640191596603, 0.012701307989766587, 0.013411307165654416, 0.016723184973260564, 0.018847110485803453, 0.025944880160282045, 0.02825528824770573, 0.028445053056533616, 0.030486607864371275, 0.03312501764781121, 0.03615814662156298, 0.03743565340153061, 0.038481539922631626, 0.04051737936213275, 0.04130900952588546, 0.04390148492239771, 0.04463585829157976, 0.04505557654346779, 0.05226124893015043, 0.05933028973280326], "total": 0.0328347792518464, "per_band": [0.06214293503951372, 0.04863421294217561, 0.037209289896738974, 0.027630030061315917, 0.024590725155858577, 0.02456407864030507, 0.026730709765400783, 0.0308195691488505, 0.02413030524768147, 0.021895936620623287]}}