{"linear_baseline": {"within": [-0.007747965236987742, 0.009170330755329685, 0.028819256540647275, 0.029794811880496062, 0.03258005440356532, 0.038321387950295625, 0.04059261632473571, 0.05422827741897156, 0.05483562962178048, 0.05501371386681059, 0.05679892771768474, 0.05719309250153052, 0.058792537458285325, 0.05886595836969282, 0.06114168722805161, 0.06287788962477467, 0.06396110905472958, 0.06401709593300399, 0.06476001046741194, 0.07090033878530386, 0.07320960887339817, 0.07417523428719906, 0.07509088481950166, 0.07552824104916674, 0.07570563134884482, 0.0761007804859332, 0.07986564908133222, 0.0818374618567162, 0.08371985965954436, 0.08589619799075077, 0.08809668758000413, 0.09004226507176072, 0.0981597751521249, 0.09823780886759668, 0.0999271855650458, 0.10258734281632342, 0.10547434393137949, 0.10971215606970215, 0.11004707742260922, 0.11056385592607587, 0.11413254359604115, 0.11463479469047627, 0.11635095633392678, 0.11802738546165897, 0.11803751895836002, 0.12096303910878964, 0.12306866500998496, 0.12319958496093994, 0.12431745446799718, 0.12477162990122204, 0.12492584369150413, 0.12783622819423035, 0.12862546610600603, 0.13212226010574643, 0.13678195307624813, 0.14043268727157832, 0.1424841323683391, 0.14497637107520453, 0.1451408686888858, 0.15617996762719802, 0.16265696507642233, 0.18382010892526104, 0.18456751569622365, 0.19914553109815367, 0.20317867241187987, 0.20475305458721918, 0.20797879405261313, 0.2102850149009888, 0.23901938513760485, 0.2569964970211617], "heldout": [0.04312264738415755, 0.05833622072134913, 0.06193842113196007, 0.06836973509067218, 0.07394746693048504, 0.08393023771284763, 0.08790352359681065, 0.08970171138360691, 0.09814310059762509, 0.09933995254873636, 0.10216714664422843, 0.12332796460777223, 0.16668470226334656, 0.18731747367354737], "total": 0.10227506151277}}