{"baseline": {"per_subject": [0.005002189896975527, 0.006190904479073728, 0.011605907323755611, 0.011998274946210767, 0.01271844786282298, 0.01479553049700442, 0.0169014148080388, 0.01844943695116664, 0.018838253595564444, 0.02017306049621585, 0.020758726208283826, 0.023559674096819826, 0.02376264937227693, 0.025053837611232383, 0.02738294786800158, 0.027430289623047714, 0.03049924074554258, 0.03259489336322358, 0.038457578767949946, 0.0410724355702574], "total": 0.021362284704173222, "per_band": [0.03756783239625667, 0.031770500501203794, 0.02275346622878985, 0.0158298086974752, 0.014154236927987136, 0.015686046370898883, 0.019734624172370912, 0.021029880265565296, 0.017575257520445618, 0.01752119396073891]}, "TEAM2930": {"per_subject": [0.012605129096666313, 0.014413633294482638, 0.016241067836053915, 0.01695032617147655, 0.02066776117253065, 0.025895993873306405, 0.028272249073289787, 0.03323773658736126, 0.033749536644790794, 0.038400302811076266, 0.042459752782698784, 0.042674200044442556, 0.043531732123733166, 0.04404800351880189, 0.04544074571947438, 0.05190826534667204, 0.05252696927177992, 0.052560852592055646, 0.058259661892696296, 0.06751013566819321], "total": 0.037067702776079126, "per_band": [0.0666850275891508, 0.052793997150773264, 0.04167552212285412, 0.03207288890967006, 0.028568925719661853, 0.028872397645834158, 0.03185580604840031, 0.03484090666976444, 0.02720853135183777, 0.026103024552844432]}, "imubjl": {"per_subject": [0.009669640191596603, 0.012701307989766587, 0.013411307165654416, 0.016723184973260564, 0.018847110485803453, 0.025944880160282045, 0.02825528824770573, 0.028445053056533616, 0.030486607864371275, 0.03312501764781121, 0.03615814662156298, 0.03743565340153061, 0.038481539922631626, 0.04051737936213275, 0.04130900952588546, 0.04390148492239771, 0.04463585829157976, 0.04505557654346779, 0.05226124893015043, 0.05933028973280326], "total": 0.03283477925184639, "per_band": [0.062142935039513736, 0.048634212942175604, 0.037209289896738974, 0.027630030061315917, 0.02459072515585857, 0.024564078640305072, 0.026730709765400783, 0.0308195691488505, 0.02413030524768147, 0.02189593662062329]}}